GeneratedAtStep,RemovedAtStep
,
,
,
,
,
,
,
,
,
,
,
0.0,
,
,
,
,
,
,
,
,
,
,
,
0.0,
,
,
,
,
,
,
,
,
,
,
,
0.0,
,
,
,
,
,
,
,
,
,
,
,
0.0,
,
,
,
,
,
,
,
,
,
,
,
0.0,
,
,
,
,
,
,
,
,
,
,
,
0.0,
5.0,
,
,
,
,
,
,
,
,
,
,
,
0.0,
5.0,
,
,
,
,
,
,
,
,
,
,
,
0.0,
5.0,
,
,
,
,
,
,
,
,
,
,
,
0.0,
5.0,
,
,
,
,
,
,
,
,
,
,
,
0.0,
5.0,
,
,
,
,
,
,
,
,
,
,
,
0.0,
5.0,
10.0,
,
,
,
,
,
,
,
,
,
,
,
0.0,
5.0,
10.0,
,
,
,
,
,
,
,
,
,
,
,
0.0,
5.0,
10.0,
,
,
,
,
,
,
,
,
,
,
,
0.0,
5.0,
10.0,
,
,
,
,
,
,
,
,
,
,
,
0.0,
5.0,
10.0,
,
,
,
,
,
,
,
,
,
,
,
0.0,
5.0,
10.0,
15.0,
,
,
,
,
,
,
,
,
,
,
,
0.0,
5.0,
10.0,
15.0,
,
,
,
,
,
,
,
,
,
,
,
0.0,
5.0,
10.0,
15.0,
,
,
,
,
,
,
,
,
,
,
,
0.0,
5.0,
10.0,
15.0,
,
,
,
,
,
,
,
,
,
,
,
0.0,
5.0,
10.0,
15.0,
,
,
,
,
,
,
,
,
,
,
,
0.0,
5.0,
10.0,
15.0,
20.0,
,
,
,
,
,
,
,
,
,
,
,
0.0,
5.0,
10.0,
15.0,
20.0,
,
,
,
,
,
,
,
,
,
,
,
0.0,
5.0,
10.0,
15.0,
20.0,
,
,
,
,
,
,
,
,
,
,
,
0.0,
5.0,
10.0,
15.0,
20.0,
,
,
,
,
,
,
,
,
,
,
,
0.0,
5.0,
10.0,
15.0,
20.0,
,
,
,
,
,
,
,
,
,
,
,
0.0,
5.0,
10.0,
15.0,
20.0,
25.0,
,
,
,
,
,
,
,
,
,
,
,
0.0,
5.0,
10.0,
15.0,
20.0,
25.0,
,
,
,
,
,
,
,
,
,
,
,
0.0,
5.0,
10.0,
15.0,
20.0,
25.0,
,
,
,
,
,
,
,
,
,
,
,
0.0,
5.0,
10.0,
15.0,
20.0,
25.0,
,
,
,
,
,
,
,
,
,
,
,
0.0,
5.0,
10.0,
15.0,
20.0,
25.0,
,
,
,
,
,
,
,
,
,
,
,
5.0,
10.0,
15.0,
20.0,
25.0,
30.0,
,
,
,
,
,
,
,
,
,
,
,
5.0,
10.0,
15.0,
20.0,
25.0,
30.0,
,
,
,
,
,
,
,
,
,
,
,
5.0,
10.0,
15.0,
20.0,
25.0,
30.0,
,
,
,
,
,
,
,
,
,
,
,
5.0,
10.0,
15.0,
20.0,
25.0,
30.0,
,
,
,
,
,
,
,
,
,
,
,
5.0,
10.0,
15.0,
20.0,
25.0,
30.0,
,
,
,
,
,
,
,
,
,
,
,
10.0,
15.0,
20.0,
25.0,
30.0,
35.0,
,
,
,
,
,
,
,
,
,
,
,
10.0,
15.0,
20.0,
25.0,
30.0,
35.0,
,
,
,
,
,
,
,
,
,
,
,
10.0,
15.0,
20.0,
25.0,
30.0,
35.0,
,
,
,
,
,
,
,
,
,
,
,
10.0,
15.0,
20.0,
25.0,
30.0,
35.0,
,
,
,
,
,
,
,
,
,
,
,
10.0,
15.0,
20.0,
25.0,
30.0,
35.0,
,
,
,
,
,
,
,
,
,
,
,
15.0,
20.0,
25.0,
30.0,
35.0,
40.0,
,
,
,
,
,
,
,
,
,
,
,
15.0,
20.0,
25.0,
30.0,
35.0,
40.0,
,
,
,
,
,
,
,
,
,
,
,
15.0,
20.0,
25.0,
30.0,
35.0,
40.0,
,
,
,
,
,
,
,
,
,
,
,
15.0,
20.0,
25.0,
30.0,
35.0,
40.0,
,
,
,
,
,
,
,
,
,
,
,
15.0,
20.0,
25.0,
30.0,
35.0,
40.0,
,
,
,
,
,
,
,
,
,
,
,
20.0,
25.0,
30.0,
35.0,
40.0,
45.0,
,
,
,
,
,
,
,
,
,
,
,
20.0,
25.0,
30.0,
35.0,
40.0,
45.0,
,
,
,
,
,
,
,
,
,
,
,
20.0,
25.0,
30.0,
35.0,
40.0,
45.0,
,
,
,
,
,
,
,
,
,
,
,
20.0,
25.0,
30.0,
35.0,
40.0,
45.0,
,
,
,
,
,
,
,
,
,
,
,
20.0,
25.0,
30.0,
35.0,
40.0,
45.0,
,
,
,
,
,
,
,
,
,
,
,
25.0,
30.0,
35.0,
40.0,
45.0,
50.0,
,
,
,
,
,
,
,
,
,
,
,
25.0,
30.0,
35.0,
40.0,
45.0,
50.0,
,
,
,
,
,
,
,
,
,
,
,
25.0,
30.0,
35.0,
40.0,
45.0,
50.0,
,
,
,
,
,
,
,
,
,
,
,
25.0,
30.0,
35.0,
40.0,
45.0,
50.0,
,
,
,
,
,
,
,
,
,
,
,
25.0,
30.0,
35.0,
40.0,
45.0,
50.0,
,
,
,
,
,
,
,
,
,
,
,
30.0,
35.0,
40.0,
45.0,
50.0,
55.0,
,
,
,
,
,
,
,
,
,
,
,
30.0,
35.0,
40.0,
45.0,
50.0,
55.0,
,
,
,
,
,
,
,
,
,
,
,
30.0,
35.0,
40.0,
45.0,
50.0,
55.0,
,
,
,
,
,
,
,
,
,
,
,
30.0,
35.0,
40.0,
45.0,
50.0,
55.0,
,
,
,
,
,
,
,
,
,
,
,
30.0,
35.0,
40.0,
45.0,
50.0,
55.0,
,
,
,
,
,
,
,
,
,
,
,
35.0,
40.0,
45.0,
50.0,
55.0,
60.0,
,
,
,
,
,
,
,
,
,
,
,
35.0,
40.0,
45.0,
50.0,
55.0,
60.0,
,
,
,
,
,
,
,
,
,
,
,
35.0,
40.0,
45.0,
50.0,
55.0,
60.0,
,
,
,
,
,
,
,
,
,
,
,
35.0,
40.0,
45.0,
50.0,
55.0,
60.0,
,
,
,
,
,
,
,
,
,
,
,
35.0,
40.0,
45.0,
50.0,
55.0,
60.0,
,
,
,
,
,
,
,
,
,
,
,
40.0,
45.0,
50.0,
55.0,
60.0,
65.0,
,
,
,
,
,
,
,
,
,
,
,
40.0,
45.0,
50.0,
55.0,
60.0,
65.0,
,
,
,
,
,
,
,
,
,
,
,
40.0,
45.0,
50.0,
55.0,
60.0,
65.0,
,
,
,
,
,
,
,
,
,
,
,
40.0,
45.0,
50.0,
55.0,
60.0,
65.0,
,
,
,
,
,
,
,
,
,
,
,
40.0,
45.0,
50.0,
55.0,
60.0,
65.0,
,
,
,
,
,
,
,
,
,
,
,
45.0,
50.0,
55.0,
60.0,
65.0,
70.0,
,
,
,
,
,
,
,
,
,
,
,
45.0,
50.0,
55.0,
60.0,
65.0,
70.0,
,
,
,
,
,
,
,
,
,
,
,
45.0,
50.0,
55.0,
60.0,
65.0,
70.0,
,
,
,
,
,
,
,
,
,
,
,
45.0,
50.0,
55.0,
60.0,
65.0,
70.0,
,
,
,
,
,
,
,
,
,
,
,
45.0,
50.0,
55.0,
60.0,
65.0,
70.0,
,
,
,
,
,
,
,
,
,
,
,
50.0,
55.0,
60.0,
65.0,
70.0,
75.0,
,
,
,
,
,
,
,
,
,
,
,
50.0,
55.0,
60.0,
65.0,
70.0,
75.0,
,
,
,
,
,
,
,
,
,
,
,
50.0,
55.0,
60.0,
65.0,
70.0,
75.0,
,
,
,
,
,
,
,
,
,
,
,
50.0,
55.0,
60.0,
65.0,
70.0,
75.0,
,
,
,
,
,
,
,
,
,
,
,
50.0,
55.0,
60.0,
65.0,
70.0,
75.0,
,
,
,
,
,
,
,
,
,
,
,
55.0,
60.0,
65.0,
70.0,
75.0,
80.0,
,
,
,
,
,
,
,
,
,
,
,
55.0,
60.0,
65.0,
70.0,
75.0,
80.0,
,
,
,
,
,
,
,
,
,
,
,
55.0,
60.0,
65.0,
70.0,
75.0,
80.0,
,
,
,
,
,
,
,
,
,
,
,
55.0,
60.0,
65.0,
70.0,
75.0,
80.0,
,
,
,
,
,
,
,
,
,
,
,
55.0,
60.0,
65.0,
70.0,
75.0,
80.0,
,
,
,
,
,
,
,
,
,
,
,
60.0,
65.0,
70.0,
75.0,
80.0,
85.0,
,
,
,
,
,
,
,
,
,
,
,
60.0,
65.0,
70.0,
75.0,
80.0,
85.0,
,
,
,
,
,
,
,
,
,
,
,
60.0,
65.0,
70.0,
75.0,
80.0,
85.0,
,
,
,
,
,
,
,
,
,
,
,
60.0,
65.0,
70.0,
75.0,
80.0,
85.0,
,
,
,
,
,
,
,
,
,
,
,
60.0,
65.0,
70.0,
75.0,
80.0,
85.0,
,
,
,
,
,
,
,
,
,
,
,
65.0,
70.0,
75.0,
80.0,
85.0,
90.0,
,
,
,
,
,
,
,
,
,
,
,
65.0,
70.0,
75.0,
80.0,
85.0,
90.0,
,
,
,
,
,
,
,
,
,
,
,
65.0,
70.0,
75.0,
80.0,
85.0,
90.0,
,
,
,
,
,
,
,
,
,
,
,
65.0,
70.0,
75.0,
80.0,
85.0,
90.0,
,
,
,
,
,
,
,
,
,
,
,
65.0,
70.0,
75.0,
80.0,
85.0,
90.0,
,
,
,
,
,
,
,
,
,
,
,
70.0,
75.0,
80.0,
85.0,
90.0,
95.0,
,
,
,
,
,
,
,
,
,
,
,
70.0,
75.0,
80.0,
85.0,
90.0,
95.0,
,
,
,
,
,
,
,
,
,
,
,
70.0,
75.0,
80.0,
85.0,
90.0,
95.0,
,
,
,
,
,
,
,
,
,
,
,
70.0,
75.0,
80.0,
85.0,
90.0,
95.0,
,
,
,
,
,
,
,
,
,
,
,
70.0,
75.0,
80.0,
85.0,
90.0,
95.0,
,
,
,
,
,
,
,
,
,
,
,
75.0,
80.0,
85.0,
90.0,
95.0,
100.0,
,
,
,
,
,
,
,
,
,
,
,
75.0,
80.0,
85.0,
90.0,
95.0,
100.0,
,
,
,
,
,
,
,
,
,
,
,
75.0,
80.0,
85.0,
90.0,
95.0,
100.0,
,
,
,
,
,
,
,
,
,
,
,
75.0,
80.0,
85.0,
90.0,
95.0,
100.0,
,
,
,
,
,
,
,
,
,
,
,
75.0,
80.0,
85.0,
90.0,
95.0,
100.0,
,
,
,
,
,
,
,
,
,
,
,
80.0,
85.0,
90.0,
95.0,
100.0,
105.0,
,
,
,
,
,
,
,
,
,
,
,
80.0,
85.0,
90.0,
95.0,
100.0,
105.0,
,
,
,
,
,
,
,
,
,
,
,
80.0,
85.0,
90.0,
95.0,
100.0,
105.0,
,
,
,
,
,
,
,
,
,
,
,
80.0,
85.0,
90.0,
95.0,
100.0,
105.0,
,
,
,
,
,
,
,
,
,
,
,
80.0,
85.0,
90.0,
95.0,
100.0,
105.0,
,
,
,
,
,
,
,
,
,
,
,
85.0,
90.0,
95.0,
100.0,
105.0,
110.0,
,
,
,
,
,
,
,
,
,
,
,
85.0,
90.0,
95.0,
100.0,
105.0,
110.0,
,
,
,
,
,
,
,
,
,
,
,
85.0,
90.0,
95.0,
100.0,
105.0,
110.0,
,
,
,
,
,
,
,
,
,
,
,
85.0,
90.0,
95.0,
100.0,
105.0,
110.0,
,
,
,
,
,
,
,
,
,
,
,
85.0,
90.0,
95.0,
100.0,
105.0,
110.0,
,
,
,
,
,
,
,
,
,
,
,
90.0,
95.0,
100.0,
105.0,
110.0,
115.0,
,
,
,
,
,
,
,
,
,
,
,
90.0,
95.0,
100.0,
105.0,
110.0,
115.0,
,
,
,
,
,
,
,
,
,
,
,
90.0,
95.0,
100.0,
105.0,
110.0,
115.0,
,
,
,
,
,
,
,
,
,
,
,
90.0,
95.0,
100.0,
105.0,
110.0,
115.0,
,
,
,
,
,
,
,
,
,
,
,
90.0,
95.0,
100.0,
105.0,
110.0,
115.0,
,
,
,
,
,
,
,
,
,
,
,
95.0,
100.0,
105.0,
110.0,
115.0,
120.0,
,
,
,
,
,
,
,
,
,
,
,
95.0,
100.0,
105.0,
110.0,
115.0,
120.0,
,
,
,
,
,
,
,
,
,
,
,
95.0,
100.0,
105.0,
110.0,
115.0,
120.0,
,
,
,
,
,
,
,
,
,
,
,
95.0,
100.0,
105.0,
110.0,
115.0,
120.0,
,
,
,
,
,
,
,
,
,
,
,
95.0,
100.0,
105.0,
110.0,
115.0,
120.0,
,
,
,
,
,
,
,
,
,
,
,
100.0,
105.0,
110.0,
115.0,
120.0,
125.0,
,
,
,
,
,
,
,
,
,
,
,
100.0,
105.0,
110.0,
115.0,
120.0,
125.0,
,
,
,
,
,
,
,
,
,
,
,
100.0,
105.0,
110.0,
115.0,
120.0,
125.0,
,
,
,
,
,
,
,
,
,
,
,
100.0,
105.0,
110.0,
115.0,
120.0,
125.0,
,
,
,
,
,
,
,
,
,
,
,
100.0,
105.0,
110.0,
115.0,
120.0,
125.0,
,
,
,
,
,
,
,
,
,
,
,
105.0,
110.0,
115.0,
120.0,
125.0,
130.0,
,
,
,
,
,
,
,
,
,
,
,
105.0,
110.0,
115.0,
120.0,
125.0,
130.0,
,
,
,
,
,
,
,
,
,
,
,
105.0,
110.0,
115.0,
120.0,
125.0,
130.0,
,
,
,
,
,
,
,
,
,
,
,
105.0,
110.0,
115.0,
120.0,
125.0,
130.0,
,
,
,
,
,
,
,
,
,
,
,
105.0,
110.0,
115.0,
120.0,
125.0,
130.0,
,
,
,
,
,
,
,
,
,
,
,
110.0,
115.0,
120.0,
125.0,
130.0,
135.0,
,
,
,
,
,
,
,
,
,
,
,
110.0,
115.0,
120.0,
125.0,
130.0,
135.0,
,
,
,
,
,
,
,
,
,
,
,
110.0,
115.0,
120.0,
125.0,
130.0,
135.0,
,
,
,
,
,
,
,
,
,
,
,
110.0,
115.0,
120.0,
125.0,
130.0,
135.0,
,
,
,
,
,
,
,
,
,
,
,
110.0,
115.0,
120.0,
125.0,
130.0,
135.0,
,
,
,
,
,
,
,
,
,
,
,
115.0,
120.0,
125.0,
130.0,
135.0,
140.0,
,
,
,
,
,
,
,
,
,
,
,
115.0,
120.0,
125.0,
130.0,
135.0,
140.0,
,
,
,
,
,
,
,
,
,
,
,
115.0,
120.0,
125.0,
130.0,
135.0,
140.0,
,
,
,
,
,
,
,
,
,
,
,
115.0,
120.0,
125.0,
130.0,
135.0,
140.0,
,
,
,
,
,
,
,
,
,
,
,
115.0,
120.0,
125.0,
130.0,
135.0,
140.0,
,
,
,
,
,
,
,
,
,
,
,
120.0,
125.0,
130.0,
135.0,
140.0,
145.0,
,
,
,
,
,
,
,
,
,
,
,
120.0,
125.0,
130.0,
135.0,
140.0,
145.0,
,
,
,
,
,
,
,
,
,
,
,
120.0,
125.0,
130.0,
135.0,
140.0,
145.0,
,
,
,
,
,
,
,
,
,
,
,
120.0,
125.0,
130.0,
135.0,
140.0,
145.0,
,
,
,
,
,
,
,
,
,
,
,
120.0,
125.0,
130.0,
135.0,
140.0,
145.0,
,
,
,
,
,
,
,
,
,
,
,
125.0,
130.0,
135.0,
140.0,
145.0,
150.0,
,
,
,
,
,
,
,
,
,
,
,
125.0,
130.0,
135.0,
140.0,
145.0,
150.0,
,
,
,
,
,
,
,
,
,
,
,
125.0,
130.0,
135.0,
140.0,
145.0,
150.0,
,
,
,
,
,
,
,
,
,
,
,
125.0,
130.0,
135.0,
140.0,
145.0,
150.0,
,
,
,
,
,
,
,
,
,
,
,
125.0,
130.0,
135.0,
140.0,
145.0,
150.0,
,
,
,
,
,
,
,
,
,
,
,
130.0,
135.0,
140.0,
145.0,
150.0,
155.0,
,
,
,
,
,
,
,
,
,
,
,
130.0,
135.0,
140.0,
145.0,
150.0,
155.0,
,
,
,
,
,
,
,
,
,
,
,
130.0,
135.0,
140.0,
145.0,
150.0,
155.0,
,
,
,
,
,
,
,
,
,
,
,
130.0,
135.0,
140.0,
145.0,
150.0,
155.0,
,
,
,
,
,
,
,
,
,
,
,
130.0,
135.0,
140.0,
145.0,
150.0,
155.0,
,
,
,
,
,
,
,
,
,
,
,
135.0,
140.0,
145.0,
150.0,
155.0,
160.0,
,
,
,
,
,
,
,
,
,
,
,
135.0,
140.0,
145.0,
150.0,
155.0,
160.0,
,
,
,
,
,
,
,
,
,
,
,
135.0,
140.0,
145.0,
150.0,
155.0,
160.0,
,
,
,
,
,
,
,
,
,
,
,
135.0,
140.0,
145.0,
150.0,
155.0,
160.0,
,
,
,
,
,
,
,
,
,
,
,
135.0,
140.0,
145.0,
150.0,
155.0,
160.0,
,
,
,
,
,
,
,
,
,
,
,
140.0,
145.0,
150.0,
155.0,
160.0,
165.0,
,
,
,
,
,
,
,
,
,
,
,
140.0,
145.0,
150.0,
155.0,
160.0,
165.0,
,
,
,
,
,
,
,
,
,
,
,
140.0,
145.0,
150.0,
155.0,
160.0,
165.0,
,
,
,
,
,
,
,
,
,
,
,
140.0,
145.0,
150.0,
155.0,
160.0,
165.0,
,
,
,
,
,
,
,
,
,
,
,
140.0,
145.0,
150.0,
155.0,
160.0,
165.0,
,
,
,
,
,
,
,
,
,
,
,
145.0,
150.0,
155.0,
160.0,
165.0,
170.0,
,
,
,
,
,
,
,
,
,
,
,
145.0,
150.0,
155.0,
160.0,
165.0,
170.0,
,
,
,
,
,
,
,
,
,
,
,
145.0,
150.0,
155.0,
160.0,
165.0,
170.0,
,
,
,
,
,
,
,
,
,
,
,
145.0,
150.0,
155.0,
160.0,
165.0,
170.0,
,
,
,
,
,
,
,
,
,
,
,
145.0,
150.0,
155.0,
160.0,
165.0,
170.0,
,
,
,
,
,
,
,
,
,
,
,
150.0,
155.0,
160.0,
165.0,
170.0,
175.0,
,
,
,
,
,
,
,
,
,
,
,
150.0,
155.0,
160.0,
165.0,
170.0,
175.0,
,
,
,
,
,
,
,
,
,
,
,
150.0,
155.0,
160.0,
165.0,
170.0,
175.0,
,
,
,
,
,
,
,
,
,
,
,
150.0,
155.0,
160.0,
165.0,
170.0,
175.0,
,
,
,
,
,
,
,
,
,
,
,
150.0,
155.0,
160.0,
165.0,
170.0,
175.0,
,
,
,
,
,
,
,
,
,
,
,
155.0,
160.0,
165.0,
170.0,
175.0,
180.0,
,
,
,
,
,
,
,
,
,
,
,
155.0,
160.0,
165.0,
170.0,
175.0,
180.0,
,
,
,
,
,
,
,
,
,
,
,
155.0,
160.0,
165.0,
170.0,
175.0,
180.0,
,
,
,
,
,
,
,
,
,
,
,
155.0,
160.0,
165.0,
170.0,
175.0,
180.0,
,
,
,
,
,
,
,
,
,
,
,
155.0,
160.0,
165.0,
170.0,
175.0,
180.0,
,
,
,
,
,
,
,
,
,
,
,
160.0,
165.0,
170.0,
175.0,
180.0,
185.0,
,
,
,
,
,
,
,
,
,
,
,
160.0,
165.0,
170.0,
175.0,
180.0,
185.0,
,
,
,
,
,
,
,
,
,
,
,
160.0,
165.0,
170.0,
175.0,
180.0,
185.0,
,
,
,
,
,
,
,
,
,
,
,
160.0,
165.0,
170.0,
175.0,
180.0,
185.0,
,
,
,
,
,
,
,
,
,
,
,
160.0,
165.0,
170.0,
175.0,
180.0,
185.0,
,
,
,
,
,
,
,
,
,
,
,
165.0,
170.0,
175.0,
180.0,
185.0,
190.0,
,
,
,
,
,
,
,
,
,
,
,
165.0,
170.0,
175.0,
180.0,
185.0,
190.0,
,
,
,
,
,
,
,
,
,
,
,
165.0,
170.0,
175.0,
180.0,
185.0,
190.0,
,
,
,
,
,
,
,
,
,
,
,
165.0,
170.0,
175.0,
180.0,
185.0,
190.0,
,
,
,
,
,
,
,
,
,
,
,
165.0,
170.0,
175.0,
180.0,
185.0,
190.0,
,
,
,
,
,
,
,
,
,
,
,
170.0,
175.0,
180.0,
185.0,
190.0,
195.0,
,
,
,
,
,
,
,
,
,
,
,
170.0,
175.0,
180.0,
185.0,
190.0,
195.0,
,
,
,
,
,
,
,
,
,
,
,
170.0,
175.0,
180.0,
185.0,
190.0,
195.0,
,
,
,
,
,
,
,
,
,
,
,
170.0,
175.0,
180.0,
185.0,
190.0,
195.0,
,
,
,
,
,
,
,
,
,
,
,
170.0,
175.0,
180.0,
185.0,
190.0,
195.0,
,
,
,
,
,
,
,
,
,
,
,
175.0,
180.0,
185.0,
190.0,
195.0,
200.0,
,
,
,
,
,
,
,
,
,
,
,
175.0,
180.0,
185.0,
190.0,
195.0,
200.0,
,
,
,
,
,
,
,
,
,
,
,
175.0,
180.0,
185.0,
190.0,
195.0,
200.0,
,
,
,
,
,
,
,
,
,
,
,
175.0,
180.0,
185.0,
190.0,
195.0,
200.0,
,
,
,
,
,
,
,
,
,
,
,
175.0,
180.0,
185.0,
190.0,
195.0,
200.0,
,
,
,
,
,
,
,
,
,
,
,
180.0,
185.0,
190.0,
195.0,
200.0,
205.0,
,
,
,
,
,
,
,
,
,
,
,
180.0,
185.0,
190.0,
195.0,
200.0,
205.0,
,
,
,
,
,
,
,
,
,
,
,
180.0,
185.0,
190.0,
195.0,
200.0,
205.0,
,
,
,
,
,
,
,
,
,
,
,
180.0,
185.0,
190.0,
195.0,
200.0,
205.0,
,
,
,
,
,
,
,
,
,
,
,
180.0,
185.0,
190.0,
195.0,
200.0,
205.0,
,
,
,
,
,
,
,
,
,
,
,
185.0,
190.0,
195.0,
200.0,
205.0,
210.0,
,
,
,
,
,
,
,
,
,
,
,
185.0,
190.0,
195.0,
200.0,
205.0,
210.0,
,
,
,
,
,
,
,
,
,
,
,
185.0,
190.0,
195.0,
200.0,
205.0,
210.0,
,
,
,
,
,
,
,
,
,
,
,
185.0,
190.0,
195.0,
200.0,
205.0,
210.0,
,
,
,
,
,
,
,
,
,
,
,
185.0,
190.0,
195.0,
200.0,
205.0,
210.0,
,
,
,
,
,
,
,
,
,
,
,
190.0,
195.0,
200.0,
205.0,
210.0,
215.0,
,
,
,
,
,
,
,
,
,
,
,
190.0,
195.0,
200.0,
205.0,
210.0,
215.0,
,
,
,
,
,
,
,
,
,
,
,
190.0,
195.0,
200.0,
205.0,
210.0,
215.0,
,
,
,
,
,
,
,
,
,
,
,
190.0,
195.0,
200.0,
205.0,
210.0,
215.0,
,
,
,
,
,
,
,
,
,
,
,
190.0,
195.0,
200.0,
205.0,
210.0,
215.0,
,
,
,
,
,
,
,
,
,
,
,
195.0,
200.0,
205.0,
210.0,
215.0,
220.0,
,
,
,
,
,
,
,
,
,
,
,
195.0,
200.0,
205.0,
210.0,
215.0,
220.0,
,
,
,
,
,
,
,
,
,
,
,
195.0,
200.0,
205.0,
210.0,
215.0,
220.0,
,
,
,
,
,
,
,
,
,
,
,
195.0,
200.0,
205.0,
210.0,
215.0,
220.0,
,
,
,
,
,
,
,
,
,
,
,
195.0,
200.0,
205.0,
210.0,
215.0,
220.0,
,
,
,
,
,
,
,
,
,
,
,
200.0,
205.0,
210.0,
215.0,
220.0,
225.0,
,
,
,
,
,
,
,
,
,
,
,
200.0,
205.0,
210.0,
215.0,
220.0,
225.0,
,
,
,
,
,
,
,
,
,
,
,
200.0,
205.0,
210.0,
215.0,
220.0,
225.0,
,
,
,
,
,
,
,
,
,
,
,
200.0,
205.0,
210.0,
215.0,
220.0,
225.0,
,
,
,
,
,
,
,
,
,
,
,
200.0,
205.0,
210.0,
215.0,
220.0,
225.0,
,
,
,
,
,
,
,
,
,
,
,
205.0,
210.0,
215.0,
220.0,
225.0,
230.0,
,
,
,
,
,
,
,
,
,
,
,
205.0,
210.0,
215.0,
220.0,
225.0,
230.0,
,
,
,
,
,
,
,
,
,
,
,
205.0,
210.0,
215.0,
220.0,
225.0,
230.0,
,
,
,
,
,
,
,
,
,
,
,
205.0,
210.0,
215.0,
220.0,
225.0,
230.0,
,
,
,
,
,
,
,
,
,
,
,
205.0,
210.0,
215.0,
220.0,
225.0,
230.0,
,
,
,
,
,
,
,
,
,
,
,
210.0,
215.0,
220.0,
225.0,
230.0,
235.0,
,
,
,
,
,
,
,
,
,
,
,
210.0,
215.0,
220.0,
225.0,
230.0,
235.0,
,
,
,
,
,
,
,
,
,
,
,
210.0,
215.0,
220.0,
225.0,
230.0,
235.0,
,
,
,
,
,
,
,
,
,
,
,
210.0,
215.0,
220.0,
225.0,
230.0,
235.0,
,
,
,
,
,
,
,
,
,
,
,
210.0,
215.0,
220.0,
225.0,
230.0,
235.0,
,
,
,
,
,
,
,
,
,
,
,
215.0,
220.0,
225.0,
230.0,
235.0,
240.0,
,
,
,
,
,
,
,
,
,
,
,
215.0,
220.0,
225.0,
230.0,
235.0,
240.0,
,
,
,
,
,
,
,
,
,
,
,
215.0,
220.0,
225.0,
230.0,
235.0,
240.0,
,
,
,
,
,
,
,
,
,
,
,
215.0,
220.0,
225.0,
230.0,
235.0,
240.0,
,
,
,
,
,
,
,
,
,
,
,
215.0,
220.0,
225.0,
230.0,
235.0,
240.0,
,
,
,
,
,
,
,
,
,
,
,
220.0,
225.0,
230.0,
235.0,
240.0,
245.0,
,
,
,
,
,
,
,
,
,
,
,
220.0,
225.0,
230.0,
235.0,
240.0,
245.0,
,
,
,
,
,
,
,
,
,
,
,
220.0,
225.0,
230.0,
235.0,
240.0,
245.0,
,
,
,
,
,
,
,
,
,
,
,
220.0,
225.0,
230.0,
235.0,
240.0,
245.0,
,
,
,
,
,
,
,
,
,
,
,
220.0,
225.0,
230.0,
235.0,
240.0,
245.0,
,
,
,
,
,
,
,
,
,
,
,
225.0,
230.0,
235.0,
240.0,
245.0,
250.0,
,
,
,
,
,
,
,
,
,
,
,
225.0,
230.0,
235.0,
240.0,
245.0,
250.0,
,
,
,
,
,
,
,
,
,
,
,
225.0,
230.0,
235.0,
240.0,
245.0,
250.0,
,
,
,
,
,
,
,
,
,
,
,
225.0,
230.0,
235.0,
240.0,
245.0,
250.0,
,
,
,
,
,
,
,
,
,
,
,
225.0,
230.0,
235.0,
240.0,
245.0,
250.0,
,
,
,
,
,
,
,
,
,
,
,
230.0,
235.0,
240.0,
245.0,
250.0,
255.0,
,
,
,
,
,
,
,
,
,
,
,
230.0,
235.0,
240.0,
245.0,
250.0,
255.0,
,
,
,
,
,
,
,
,
,
,
,
230.0,
235.0,
240.0,
245.0,
250.0,
255.0,
,
,
,
,
,
,
,
,
,
,
,
230.0,
235.0,
240.0,
245.0,
250.0,
255.0,
,
,
,
,
,
,
,
,
,
,
,
230.0,
235.0,
240.0,
245.0,
250.0,
255.0,
,
,
,
,
,
,
,
,
,
,
,
235.0,
240.0,
245.0,
250.0,
255.0,
260.0,
,
,
,
,
,
,
,
,
,
,
,
235.0,
240.0,
245.0,
250.0,
255.0,
260.0,
,
,
,
,
,
,
,
,
,
,
,
235.0,
240.0,
245.0,
250.0,
255.0,
260.0,
,
,
,
,
,
,
,
,
,
,
,
235.0,
240.0,
245.0,
250.0,
255.0,
260.0,
,
,
,
,
,
,
,
,
,
,
,
235.0,
240.0,
245.0,
250.0,
255.0,
260.0,
,
,
,
,
,
,
,
,
,
,
,
240.0,
245.0,
250.0,
255.0,
260.0,
265.0,
,
,
,
,
,
,
,
,
,
,
,
240.0,
245.0,
250.0,
255.0,
260.0,
265.0,
,
,
,
,
,
,
,
,
,
,
,
240.0,
245.0,
250.0,
255.0,
260.0,
265.0,
,
,
,
,
,
,
,
,
,
,
,
240.0,
245.0,
250.0,
255.0,
260.0,
265.0,
,
,
,
,
,
,
,
,
,
,
,
240.0,
245.0,
250.0,
255.0,
260.0,
265.0,
,
,
,
,
,
,
,
,
,
,
,
245.0,
250.0,
255.0,
260.0,
265.0,
270.0,
,
,
,
,
,
,
,
,
,
,
,
245.0,
250.0,
255.0,
260.0,
265.0,
270.0,
,
,
,
,
,
,
,
,
,
,
,
245.0,
250.0,
255.0,
260.0,
265.0,
270.0,
,
,
,
,
,
,
,
,
,
,
,
245.0,
250.0,
255.0,
260.0,
265.0,
270.0,
,
,
,
,
,
,
,
,
,
,
,
245.0,
250.0,
255.0,
260.0,
265.0,
270.0,
,
,
,
,
,
,
,
,
,
,
,
250.0,
255.0,
260.0,
265.0,
270.0,
275.0,
,
,
,
,
,
,
,
,
,
,
,
250.0,
255.0,
260.0,
265.0,
270.0,
275.0,
,
,
,
,
,
,
,
,
,
,
,
250.0,
255.0,
260.0,
265.0,
270.0,
275.0,
,
,
,
,
,
,
,
,
,
,
,
250.0,
255.0,
260.0,
265.0,
270.0,
275.0,
,
,
,
,
,
,
,
,
,
,
,
250.0,
255.0,
260.0,
265.0,
270.0,
275.0,
,
,
,
,
,
,
,
,
,
,
,
255.0,
260.0,
265.0,
270.0,
275.0,
280.0,
,
,
,
,
,
,
,
,
,
,
,
255.0,
260.0,
265.0,
270.0,
275.0,
280.0,
,
,
,
,
,
,
,
,
,
,
,
255.0,
260.0,
265.0,
270.0,
275.0,
280.0,
,
,
,
,
,
,
,
,
,
,
,
255.0,
260.0,
265.0,
270.0,
275.0,
280.0,
,
,
,
,
,
,
,
,
,
,
,
255.0,
260.0,
265.0,
270.0,
275.0,
280.0,
,
,
,
,
,
,
,
,
,
,
,
260.0,
265.0,
270.0,
275.0,
280.0,
285.0,
,
,
,
,
,
,
,
,
,
,
,
260.0,
265.0,
270.0,
275.0,
280.0,
285.0,
,
,
,
,
,
,
,
,
,
,
,
260.0,
265.0,
270.0,
275.0,
280.0,
285.0,
,
,
,
,
,
,
,
,
,
,
,
260.0,
265.0,
270.0,
275.0,
280.0,
285.0,
,
,
,
,
,
,
,
,
,
,
,
260.0,
265.0,
270.0,
275.0,
280.0,
285.0,
,
,
,
,
,
,
,
,
,
,
,
265.0,
270.0,
275.0,
280.0,
285.0,
290.0,
,
,
,
,
,
,
,
,
,
,
,
265.0,
270.0,
275.0,
280.0,
285.0,
290.0,
,
,
,
,
,
,
,
,
,
,
,
265.0,
270.0,
275.0,
280.0,
285.0,
290.0,
,
,
,
,
,
,
,
,
,
,
,
265.0,
270.0,
275.0,
280.0,
285.0,
290.0,
,
,
,
,
,
,
,
,
,
,
,
265.0,
270.0,
275.0,
280.0,
285.0,
290.0,
,
,
,
,
,
,
,
,
,
,
,
270.0,
275.0,
280.0,
285.0,
290.0,
295.0,
,
,
,
,
,
,
,
,
,
,
,
270.0,
275.0,
280.0,
285.0,
290.0,
295.0,
,
,
,
,
,
,
,
,
,
,
,
270.0,
275.0,
280.0,
285.0,
290.0,
295.0,
,
,
,
,
,
,
,
,
,
,
,
270.0,
275.0,
280.0,
285.0,
290.0,
295.0,
,
,
,
,
,
,
,
,
,
,
,
270.0,
275.0,
280.0,
285.0,
290.0,
295.0,
,
,
,
,
,
,
,
,
,
,
,
275.0,
280.0,
285.0,
290.0,
295.0,
300.0,
,
,
,
,
,
,
,
,
,
,
,
275.0,
280.0,
285.0,
290.0,
295.0,
300.0,
,
,
,
,
,
,
,
,
,
,
,
275.0,
280.0,
285.0,
290.0,
295.0,
300.0,
,
,
,
,
,
,
,
,
,
,
,
275.0,
280.0,
285.0,
290.0,
295.0,
300.0,
,
,
,
,
,
,
,
,
,
,
,
275.0,
280.0,
285.0,
290.0,
295.0,
300.0,
,
,
,
,
,
,
,
,
,
,
,
280.0,
285.0,
290.0,
295.0,
300.0,
305.0,
,
,
,
,
,
,
,
,
,
,
,
280.0,
285.0,
290.0,
295.0,
300.0,
305.0,
,
,
,
,
,
,
,
,
,
,
,
280.0,
285.0,
290.0,
295.0,
300.0,
305.0,
,
,
,
,
,
,
,
,
,
,
,
280.0,
285.0,
290.0,
295.0,
300.0,
305.0,
,
,
,
,
,
,
,
,
,
,
,
280.0,
285.0,
290.0,
295.0,
300.0,
305.0,
,
,
,
,
,
,
,
,
,
,
,
285.0,
290.0,
295.0,
300.0,
305.0,
310.0,
,
,
,
,
,
,
,
,
,
,
,
285.0,
290.0,
295.0,
300.0,
305.0,
310.0,
,
,
,
,
,
,
,
,
,
,
,
285.0,
290.0,
295.0,
300.0,
305.0,
310.0,
,
,
,
,
,
,
,
,
,
,
,
285.0,
290.0,
295.0,
300.0,
305.0,
310.0,
,
,
,
,
,
,
,
,
,
,
,
285.0,
290.0,
295.0,
300.0,
305.0,
310.0,
,
,
,
,
,
,
,
,
,
,
,
290.0,
295.0,
300.0,
305.0,
310.0,
315.0,
,
,
,
,
,
,
,
,
,
,
,
290.0,
295.0,
300.0,
305.0,
310.0,
315.0,
,
,
,
,
,
,
,
,
,
,
,
290.0,
295.0,
300.0,
305.0,
310.0,
315.0,
,
,
,
,
,
,
,
,
,
,
,
290.0,
295.0,
300.0,
305.0,
310.0,
315.0,
,
,
,
,
,
,
,
,
,
,
,
290.0,
295.0,
300.0,
305.0,
310.0,
315.0,
,
,
,
,
,
,
,
,
,
,
,
295.0,
300.0,
305.0,
310.0,
315.0,
320.0,
,
,
,
,
,
,
,
,
,
,
,
295.0,
300.0,
305.0,
310.0,
315.0,
320.0,
,
,
,
,
,
,
,
,
,
,
,
295.0,
300.0,
305.0,
310.0,
315.0,
320.0,
,
,
,
,
,
,
,
,
,
,
,
295.0,
300.0,
305.0,
310.0,
315.0,
320.0,
,
,
,
,
,
,
,
,
,
,
,
295.0,
300.0,
305.0,
310.0,
315.0,
320.0,
,
,
,
,
,
,
,
,
,
,
,
300.0,
305.0,
310.0,
315.0,
320.0,
325.0,
,
,
,
,
,
,
,
,
,
,
,
300.0,
305.0,
310.0,
315.0,
320.0,
325.0,
,
,
,
,
,
,
,
,
,
,
,
300.0,
305.0,
310.0,
315.0,
320.0,
325.0,
,
,
,
,
,
,
,
,
,
,
,
300.0,
305.0,
310.0,
315.0,
320.0,
325.0,
,
,
,
,
,
,
,
,
,
,
,
300.0,
305.0,
310.0,
315.0,
320.0,
325.0,
,
,
,
,
,
,
,
,
,
,
,
305.0,
310.0,
315.0,
320.0,
325.0,
330.0,
,
,
,
,
,
,
,
,
,
,
,
305.0,
310.0,
315.0,
320.0,
325.0,
330.0,
,
,
,
,
,
,
,
,
,
,
,
305.0,
310.0,
315.0,
320.0,
325.0,
330.0,
,
,
,
,
,
,
,
,
,
,
,
305.0,
310.0,
315.0,
320.0,
325.0,
330.0,
,
,
,
,
,
,
,
,
,
,
,
305.0,
310.0,
315.0,
320.0,
325.0,
330.0,
,
,
,
,
,
,
,
,
,
,
,
310.0,
315.0,
320.0,
325.0,
330.0,
335.0,
,
,
,
,
,
,
,
,
,
,
,
310.0,
315.0,
320.0,
325.0,
330.0,
335.0,
,
,
,
,
,
,
,
,
,
,
,
310.0,
315.0,
320.0,
325.0,
330.0,
335.0,
,
,
,
,
,
,
,
,
,
,
,
310.0,
315.0,
320.0,
325.0,
330.0,
335.0,
,
,
,
,
,
,
,
,
,
,
,
310.0,
315.0,
320.0,
325.0,
330.0,
335.0,
,
,
,
,
,
,
,
,
,
,
,
315.0,
320.0,
325.0,
330.0,
335.0,
340.0,
,
,
,
,
,
,
,
,
,
,
,
315.0,
320.0,
325.0,
330.0,
335.0,
340.0,
,
,
,
,
,
,
,
,
,
,
,
315.0,
320.0,
325.0,
330.0,
335.0,
340.0,
,
,
,
,
,
,
,
,
,
,
,
315.0,
320.0,
325.0,
330.0,
335.0,
340.0,
,
,
,
,
,
,
,
,
,
,
,
315.0,
320.0,
325.0,
330.0,
335.0,
340.0,
,
,
,
,
,
,
,
,
,
,
,
320.0,
325.0,
330.0,
335.0,
340.0,
345.0,
,
,
,
,
,
,
,
,
,
,
,
320.0,
325.0,
330.0,
335.0,
340.0,
345.0,
,
,
,
,
,
,
,
,
,
,
,
320.0,
325.0,
330.0,
335.0,
340.0,
345.0,
,
,
,
,
,
,
,
,
,
,
,
320.0,
325.0,
330.0,
335.0,
340.0,
345.0,
,
,
,
,
,
,
,
,
,
,
,
320.0,
325.0,
330.0,
335.0,
340.0,
345.0,
,
,
,
,
,
,
,
,
,
,
,
325.0,
330.0,
335.0,
340.0,
345.0,
350.0,
,
,
,
,
,
,
,
,
,
,
,
325.0,
330.0,
335.0,
340.0,
345.0,
350.0,
,
,
,
,
,
,
,
,
,
,
,
325.0,
330.0,
335.0,
340.0,
345.0,
350.0,
,
,
,
,
,
,
,
,
,
,
,
325.0,
330.0,
335.0,
340.0,
345.0,
350.0,
,
,
,
,
,
,
,
,
,
,
,
325.0,
330.0,
335.0,
340.0,
345.0,
350.0,
,
,
,
,
,
,
,
,
,
,
,
330.0,
335.0,
340.0,
345.0,
350.0,
355.0,
,
,
,
,
,
,
,
,
,
,
,
330.0,
335.0,
340.0,
345.0,
350.0,
355.0,
,
,
,
,
,
,
,
,
,
,
,
330.0,
335.0,
340.0,
345.0,
350.0,
355.0,
,
,
,
,
,
,
,
,
,
,
,
330.0,
335.0,
340.0,
345.0,
350.0,
355.0,
,
,
,
,
,
,
,
,
,
,
,
330.0,
335.0,
340.0,
345.0,
350.0,
355.0,
,
,
,
,
,
,
,
,
,
,
,
335.0,
340.0,
345.0,
350.0,
355.0,
360.0,
,
,
,
,
,
,
,
,
,
,
,
335.0,
340.0,
345.0,
350.0,
355.0,
360.0,
,
,
,
,
,
,
,
,
,
,
,
335.0,
340.0,
345.0,
350.0,
355.0,
360.0,
,
,
,
,
,
,
,
,
,
,
,
335.0,
340.0,
345.0,
350.0,
355.0,
360.0,
,
,
,
,
,
,
,
,
,
,
,
335.0,
340.0,
345.0,
350.0,
355.0,
360.0,
,
,
,
,
,
,
,
,
,
,
,
340.0,
345.0,
350.0,
355.0,
360.0,
365.0,
,
,
,
,
,
,
,
,
,
,
,
340.0,
345.0,
350.0,
355.0,
360.0,
365.0,
,
,
,
,
,
,
,
,
,
,
,
340.0,
345.0,
350.0,
355.0,
360.0,
365.0,
,
,
,
,
,
,
,
,
,
,
,
340.0,
345.0,
350.0,
355.0,
360.0,
365.0,
,
,
,
,
,
,
,
,
,
,
,
340.0,
345.0,
350.0,
355.0,
360.0,
365.0,
,
,
,
,
,
,
,
,
,
,
,
345.0,
350.0,
355.0,
360.0,
365.0,
370.0,
,
,
,
,
,
,
,
,
,
,
,
345.0,
350.0,
355.0,
360.0,
365.0,
370.0,
,
,
,
,
,
,
,
,
,
,
,
345.0,
350.0,
355.0,
360.0,
365.0,
370.0,
,
,
,
,
,
,
,
,
,
,
,
345.0,
350.0,
355.0,
360.0,
365.0,
370.0,
,
,
,
,
,
,
,
,
,
,
,
345.0,
350.0,
355.0,
360.0,
365.0,
370.0,
,
,
,
,
,
,
,
,
,
,
,
350.0,
355.0,
360.0,
365.0,
370.0,
375.0,
,
,
,
,
,
,
,
,
,
,
,
350.0,
355.0,
360.0,
365.0,
370.0,
375.0,
,
,
,
,
,
,
,
,
,
,
,
350.0,
355.0,
360.0,
365.0,
370.0,
375.0,
,
,
,
,
,
,
,
,
,
,
,
350.0,
355.0,
360.0,
365.0,
370.0,
375.0,
,
,
,
,
,
,
,
,
,
,
,
350.0,
355.0,
360.0,
365.0,
370.0,
375.0,
,
,
,
,
,
,
,
,
,
,
,
355.0,
360.0,
365.0,
370.0,
375.0,
380.0,
,
,
,
,
,
,
,
,
,
,
,
355.0,
360.0,
365.0,
370.0,
375.0,
380.0,
,
,
,
,
,
,
,
,
,
,
,
355.0,
360.0,
365.0,
370.0,
375.0,
380.0,
,
,
,
,
,
,
,
,
,
,
,
355.0,
360.0,
365.0,
370.0,
375.0,
380.0,
,
,
,
,
,
,
,
,
,
,
,
355.0,
360.0,
365.0,
370.0,
375.0,
380.0,
,
,
,
,
,
,
,
,
,
,
,
360.0,
365.0,
370.0,
375.0,
380.0,
385.0,
,
,
,
,
,
,
,
,
,
,
,
360.0,
365.0,
370.0,
375.0,
380.0,
385.0,
,
,
,
,
,
,
,
,
,
,
,
360.0,
365.0,
370.0,
375.0,
380.0,
385.0,
,
,
,
,
,
,
,
,
,
,
,
360.0,
365.0,
370.0,
375.0,
380.0,
385.0,
,
,
,
,
,
,
,
,
,
,
,
360.0,
365.0,
370.0,
375.0,
380.0,
385.0,
,
,
,
,
,
,
,
,
,
,
,
365.0,
370.0,
375.0,
380.0,
385.0,
390.0,
,
,
,
,
,
,
,
,
,
,
,
365.0,
370.0,
375.0,
380.0,
385.0,
390.0,
,
,
,
,
,
,
,
,
,
,
,
365.0,
370.0,
375.0,
380.0,
385.0,
390.0,
,
,
,
,
,
,
,
,
,
,
,
365.0,
370.0,
375.0,
380.0,
385.0,
390.0,
,
,
,
,
,
,
,
,
,
,
,
365.0,
370.0,
375.0,
380.0,
385.0,
390.0,
,
,
,
,
,
,
,
,
,
,
,
370.0,
375.0,
380.0,
385.0,
390.0,
395.0,
,
,
,
,
,
,
,
,
,
,
,
370.0,
375.0,
380.0,
385.0,
390.0,
395.0,
,
,
,
,
,
,
,
,
,
,
,
370.0,
375.0,
380.0,
385.0,
390.0,
395.0,
,
,
,
,
,
,
,
,
,
,
,
370.0,
375.0,
380.0,
385.0,
390.0,
395.0,
,
,
,
,
,
,
,
,
,
,
,
370.0,
375.0,
380.0,
385.0,
390.0,
395.0,
,
,
,
,
,
,
,
,
,
,
,
375.0,
380.0,
385.0,
390.0,
395.0,
400.0,
,
,
,
,
,
,
,
,
,
,
,
375.0,
380.0,
385.0,
390.0,
395.0,
400.0,
,
,
,
,
,
,
,
,
,
,
,
375.0,
380.0,
385.0,
390.0,
395.0,
400.0,
,
,
,
,
,
,
,
,
,
,
,
375.0,
380.0,
385.0,
390.0,
395.0,
400.0,
,
,
,
,
,
,
,
,
,
,
,
375.0,
380.0,
385.0,
390.0,
395.0,
400.0,
,
,
,
,
,
,
,
,
,
,
,
380.0,
385.0,
390.0,
395.0,
400.0,
405.0,
,
,
,
,
,
,
,
,
,
,
,
380.0,
385.0,
390.0,
395.0,
400.0,
405.0,
,
,
,
,
,
,
,
,
,
,
,
380.0,
385.0,
390.0,
395.0,
400.0,
405.0,
,
,
,
,
,
,
,
,
,
,
,
380.0,
385.0,
390.0,
395.0,
400.0,
405.0,
,
,
,
,
,
,
,
,
,
,
,
380.0,
385.0,
390.0,
395.0,
400.0,
405.0,
,
,
,
,
,
,
,
,
,
,
,
385.0,
390.0,
395.0,
400.0,
405.0,
410.0,
,
,
,
,
,
,
,
,
,
,
,
385.0,
390.0,
395.0,
400.0,
405.0,
410.0,
,
,
,
,
,
,
,
,
,
,
,
385.0,
390.0,
395.0,
400.0,
405.0,
410.0,
,
,
,
,
,
,
,
,
,
,
,
385.0,
390.0,
395.0,
400.0,
405.0,
410.0,
,
,
,
,
,
,
,
,
,
,
,
385.0,
390.0,
395.0,
400.0,
405.0,
410.0,
,
,
,
,
,
,
,
,
,
,
,
390.0,
395.0,
400.0,
405.0,
410.0,
415.0,
,
,
,
,
,
,
,
,
,
,
,
390.0,
395.0,
400.0,
405.0,
410.0,
415.0,
,
,
,
,
,
,
,
,
,
,
,
390.0,
395.0,
400.0,
405.0,
410.0,
415.0,
,
,
,
,
,
,
,
,
,
,
,
390.0,
395.0,
400.0,
405.0,
410.0,
415.0,
,
,
,
,
,
,
,
,
,
,
,
390.0,
395.0,
400.0,
405.0,
410.0,
415.0,
,
,
,
,
,
,
,
,
,
,
,
395.0,
400.0,
405.0,
410.0,
415.0,
420.0,
,
,
,
,
,
,
,
,
,
,
,
395.0,
400.0,
405.0,
410.0,
415.0,
420.0,
,
,
,
,
,
,
,
,
,
,
,
395.0,
400.0,
405.0,
410.0,
415.0,
420.0,
,
,
,
,
,
,
,
,
,
,
,
395.0,
400.0,
405.0,
410.0,
415.0,
420.0,
,
,
,
,
,
,
,
,
,
,
,
395.0,
400.0,
405.0,
410.0,
415.0,
420.0,
,
,
,
,
,
,
,
,
,
,
,
400.0,
405.0,
410.0,
415.0,
420.0,
425.0,
,
,
,
,
,
,
,
,
,
,
,
400.0,
405.0,
410.0,
415.0,
420.0,
425.0,
,
,
,
,
,
,
,
,
,
,
,
400.0,
405.0,
410.0,
415.0,
420.0,
425.0,
,
,
,
,
,
,
,
,
,
,
,
400.0,
405.0,
410.0,
415.0,
420.0,
425.0,
,
,
,
,
,
,
,
,
,
,
,
400.0,
405.0,
410.0,
415.0,
420.0,
425.0,
,
,
,
,
,
,
,
,
,
,
,
405.0,
410.0,
415.0,
420.0,
425.0,
430.0,
,
,
,
,
,
,
,
,
,
,
,
405.0,
410.0,
415.0,
420.0,
425.0,
430.0,
,
,
,
,
,
,
,
,
,
,
,
405.0,
410.0,
415.0,
420.0,
425.0,
430.0,
,
,
,
,
,
,
,
,
,
,
,
405.0,
410.0,
415.0,
420.0,
425.0,
430.0,
,
,
,
,
,
,
,
,
,
,
,
405.0,
410.0,
415.0,
420.0,
425.0,
430.0,
,
,
,
,
,
,
,
,
,
,
,
410.0,
415.0,
420.0,
425.0,
430.0,
435.0,
,
,
,
,
,
,
,
,
,
,
,
410.0,
415.0,
420.0,
425.0,
430.0,
435.0,
,
,
,
,
,
,
,
,
,
,
,
410.0,
415.0,
420.0,
425.0,
430.0,
435.0,
,
,
,
,
,
,
,
,
,
,
,
410.0,
415.0,
420.0,
425.0,
430.0,
435.0,
,
,
,
,
,
,
,
,
,
,
,
410.0,
415.0,
420.0,
425.0,
430.0,
435.0,
,
,
,
,
,
,
,
,
,
,
,
415.0,
420.0,
425.0,
430.0,
435.0,
440.0,
,
,
,
,
,
,
,
,
,
,
,
415.0,
420.0,
425.0,
430.0,
435.0,
440.0,
,
,
,
,
,
,
,
,
,
,
,
415.0,
420.0,
425.0,
430.0,
435.0,
440.0,
,
,
,
,
,
,
,
,
,
,
,
415.0,
420.0,
425.0,
430.0,
435.0,
440.0,
,
,
,
,
,
,
,
,
,
,
,
415.0,
420.0,
425.0,
430.0,
435.0,
440.0,
,
,
,
,
,
,
,
,
,
,
,
420.0,
425.0,
430.0,
435.0,
440.0,
445.0,
,
,
,
,
,
,
,
,
,
,
,
420.0,
425.0,
430.0,
435.0,
440.0,
445.0,
,
,
,
,
,
,
,
,
,
,
,
420.0,
425.0,
430.0,
435.0,
440.0,
445.0,
,
,
,
,
,
,
,
,
,
,
,
420.0,
425.0,
430.0,
435.0,
440.0,
445.0,
,
,
,
,
,
,
,
,
,
,
,
420.0,
425.0,
430.0,
435.0,
440.0,
445.0,
,
,
,
,
,
,
,
,
,
,
,
425.0,
430.0,
435.0,
440.0,
445.0,
450.0,
,
,
,
,
,
,
,
,
,
,
,
425.0,
430.0,
435.0,
440.0,
445.0,
450.0,
,
,
,
,
,
,
,
,
,
,
,
425.0,
430.0,
435.0,
440.0,
445.0,
450.0,
,
,
,
,
,
,
,
,
,
,
,
425.0,
430.0,
435.0,
440.0,
445.0,
450.0,
,
,
,
,
,
,
,
,
,
,
,
425.0,
430.0,
435.0,
440.0,
445.0,
450.0,
,
,
,
,
,
,
,
,
,
,
,
430.0,
435.0,
440.0,
445.0,
450.0,
455.0,
,
,
,
,
,
,
,
,
,
,
,
430.0,
435.0,
440.0,
445.0,
450.0,
455.0,
,
,
,
,
,
,
,
,
,
,
,
430.0,
435.0,
440.0,
445.0,
450.0,
455.0,
,
,
,
,
,
,
,
,
,
,
,
430.0,
435.0,
440.0,
445.0,
450.0,
455.0,
,
,
,
,
,
,
,
,
,
,
,
430.0,
435.0,
440.0,
445.0,
450.0,
455.0,
,
,
,
,
,
,
,
,
,
,
,
435.0,
440.0,
445.0,
450.0,
455.0,
460.0,
,
,
,
,
,
,
,
,
,
,
,
435.0,
440.0,
445.0,
450.0,
455.0,
460.0,
,
,
,
,
,
,
,
,
,
,
,
435.0,
440.0,
445.0,
450.0,
455.0,
460.0,
,
,
,
,
,
,
,
,
,
,
,
435.0,
440.0,
445.0,
450.0,
455.0,
460.0,
,
,
,
,
,
,
,
,
,
,
,
435.0,
440.0,
445.0,
450.0,
455.0,
460.0,
,
,
,
,
,
,
,
,
,
,
,
440.0,
445.0,
450.0,
455.0,
460.0,
465.0,
,
,
,
,
,
,
,
,
,
,
,
440.0,
445.0,
450.0,
455.0,
460.0,
465.0,
,
,
,
,
,
,
,
,
,
,
,
440.0,
445.0,
450.0,
455.0,
460.0,
465.0,
,
,
,
,
,
,
,
,
,
,
,
440.0,
445.0,
450.0,
455.0,
460.0,
465.0,
,
,
,
,
,
,
,
,
,
,
,
440.0,
445.0,
450.0,
455.0,
460.0,
465.0,
,
,
,
,
,
,
,
,
,
,
,
445.0,
450.0,
455.0,
460.0,
465.0,
470.0,
,
,
,
,
,
,
,
,
,
,
,
445.0,
450.0,
455.0,
460.0,
465.0,
470.0,
,
,
,
,
,
,
,
,
,
,
,
445.0,
450.0,
455.0,
460.0,
465.0,
470.0,
,
,
,
,
,
,
,
,
,
,
,
445.0,
450.0,
455.0,
460.0,
465.0,
470.0,
,
,
,
,
,
,
,
,
,
,
,
445.0,
450.0,
455.0,
460.0,
465.0,
470.0,
,
,
,
,
,
,
,
,
,
,
,
450.0,
455.0,
460.0,
465.0,
470.0,
475.0,
,
,
,
,
,
,
,
,
,
,
,
450.0,
455.0,
460.0,
465.0,
470.0,
475.0,
,
,
,
,
,
,
,
,
,
,
,
450.0,
455.0,
460.0,
465.0,
470.0,
475.0,
,
,
,
,
,
,
,
,
,
,
,
450.0,
455.0,
460.0,
465.0,
470.0,
475.0,
,
,
,
,
,
,
,
,
,
,
,
450.0,
455.0,
460.0,
465.0,
470.0,
475.0,
,
,
,
,
,
,
,
,
,
,
,
455.0,
460.0,
465.0,
470.0,
475.0,
480.0,
,
,
,
,
,
,
,
,
,
,
,
455.0,
460.0,
465.0,
470.0,
475.0,
480.0,
,
,
,
,
,
,
,
,
,
,
,
455.0,
460.0,
465.0,
470.0,
475.0,
480.0,
,
,
,
,
,
,
,
,
,
,
,
455.0,
460.0,
465.0,
470.0,
475.0,
480.0,
,
,
,
,
,
,
,
,
,
,
,
455.0,
460.0,
465.0,
470.0,
475.0,
480.0,
,
,
,
,
,
,
,
,
,
,
,
460.0,
465.0,
470.0,
475.0,
480.0,
485.0,
,
,
,
,
,
,
,
,
,
,
,
460.0,
465.0,
470.0,
475.0,
480.0,
485.0,
,
,
,
,
,
,
,
,
,
,
,
460.0,
465.0,
470.0,
475.0,
480.0,
485.0,
,
,
,
,
,
,
,
,
,
,
,
460.0,
465.0,
470.0,
475.0,
480.0,
485.0,
,
,
,
,
,
,
,
,
,
,
,
460.0,
465.0,
470.0,
475.0,
480.0,
485.0,
,
,
,
,
,
,
,
,
,
,
,
465.0,
470.0,
475.0,
480.0,
485.0,
490.0,
,
,
,
,
,
,
,
,
,
,
,
465.0,
470.0,
475.0,
480.0,
485.0,
490.0,
,
,
,
,
,
,
,
,
,
,
,
465.0,
470.0,
475.0,
480.0,
485.0,
490.0,
,
,
,
,
,
,
,
,
,
,
,
465.0,
470.0,
475.0,
480.0,
485.0,
490.0,
,
,
,
,
,
,
,
,
,
,
,
465.0,
470.0,
475.0,
480.0,
485.0,
490.0,
,
,
,
,
,
,
,
,
,
,
,
470.0,
475.0,
480.0,
485.0,
490.0,
495.0,
,
,
,
,
,
,
,
,
,
,
,
470.0,
475.0,
480.0,
485.0,
490.0,
495.0,
,
,
,
,
,
,
,
,
,
,
,
470.0,
475.0,
480.0,
485.0,
490.0,
495.0,
,
,
,
,
,
,
,
,
,
,
,
470.0,
475.0,
480.0,
485.0,
490.0,
495.0,
,
,
,
,
,
,
,
,
,
,
,
470.0,
475.0,
480.0,
485.0,
490.0,
495.0,
,
,
,
,
,
,
,
,
,
,
,
475.0,
480.0,
485.0,
490.0,
495.0,
500.0,
,
,
,
,
,
,
,
,
,
,
,
475.0,
480.0,
485.0,
490.0,
495.0,
500.0,
,
,
,
,
,
,
,
,
,
,
,
475.0,
480.0,
485.0,
490.0,
495.0,
500.0,
,
,
,
,
,
,
,
,
,
,
,
475.0,
480.0,
485.0,
490.0,
495.0,
500.0,
,
,
,
,
,
,
,
,
,
,
,
475.0,
480.0,
485.0,
490.0,
495.0,
500.0,
,
,
,
,
,
,
,
,
,
,
,
480.0,
485.0,
490.0,
495.0,
500.0,
505.0,
,
,
,
,
,
,
,
,
,
,
,
480.0,
485.0,
490.0,
495.0,
500.0,
505.0,
,
,
,
,
,
,
,
,
,
,
,
480.0,
485.0,
490.0,
495.0,
500.0,
505.0,
,
,
,
,
,
,
,
,
,
,
,
480.0,
485.0,
490.0,
495.0,
500.0,
505.0,
,
,
,
,
,
,
,
,
,
,
,
480.0,
485.0,
490.0,
495.0,
500.0,
505.0,
,
,
,
,
,
,
,
,
,
,
,
485.0,
490.0,
495.0,
500.0,
505.0,
510.0,
,
,
,
,
,
,
,
,
,
,
,
485.0,
490.0,
495.0,
500.0,
505.0,
510.0,
,
,
,
,
,
,
,
,
,
,
,
485.0,
490.0,
495.0,
500.0,
505.0,
510.0,
,
,
,
,
,
,
,
,
,
,
,
485.0,
490.0,
495.0,
500.0,
505.0,
510.0,
,
,
,
,
,
,
,
,
,
,
,
485.0,
490.0,
495.0,
500.0,
505.0,
510.0,
,
,
,
,
,
,
,
,
,
,
,
490.0,
495.0,
500.0,
505.0,
510.0,
515.0,
,
,
,
,
,
,
,
,
,
,
,
490.0,
495.0,
500.0,
505.0,
510.0,
515.0,
,
,
,
,
,
,
,
,
,
,
,
490.0,
495.0,
500.0,
505.0,
510.0,
515.0,
,
,
,
,
,
,
,
,
,
,
,
490.0,
495.0,
500.0,
505.0,
510.0,
515.0,
,
,
,
,
,
,
,
,
,
,
,
490.0,
495.0,
500.0,
505.0,
510.0,
515.0,
,
,
,
,
,
,
,
,
,
,
,
495.0,
500.0,
505.0,
510.0,
515.0,
520.0,
,
,
,
,
,
,
,
,
,
,
,
495.0,
500.0,
505.0,
510.0,
515.0,
520.0,
,
,
,
,
,
,
,
,
,
,
,
495.0,
500.0,
505.0,
510.0,
515.0,
520.0,
,
,
,
,
,
,
,
,
,
,
,
495.0,
500.0,
505.0,
510.0,
515.0,
520.0,
,
,
,
,
,
,
,
,
,
,
,
495.0,
500.0,
505.0,
510.0,
515.0,
520.0,
,
,
,
,
,
,
,
,
,
,
,
500.0,
505.0,
510.0,
515.0,
520.0,
525.0,
,
,
,
,
,
,
,
,
,
,
,
500.0,
505.0,
510.0,
515.0,
520.0,
525.0,
,
,
,
,
,
,
,
,
,
,
,
500.0,
505.0,
510.0,
515.0,
520.0,
525.0,
,
,
,
,
,
,
,
,
,
,
,
500.0,
505.0,
510.0,
515.0,
520.0,
525.0,
,
,
,
,
,
,
,
,
,
,
,
500.0,
505.0,
510.0,
515.0,
520.0,
525.0,
,
,
,
,
,
,
,
,
,
,
,
505.0,
510.0,
515.0,
520.0,
525.0,
530.0,
,
,
,
,
,
,
,
,
,
,
,
505.0,
510.0,
515.0,
520.0,
525.0,
530.0,
,
,
,
,
,
,
,
,
,
,
,
505.0,
510.0,
515.0,
520.0,
525.0,
530.0,
,
,
,
,
,
,
,
,
,
,
,
505.0,
510.0,
515.0,
520.0,
525.0,
530.0,
,
,
,
,
,
,
,
,
,
,
,
505.0,
510.0,
515.0,
520.0,
525.0,
530.0,
,
,
,
,
,
,
,
,
,
,
,
510.0,
515.0,
520.0,
525.0,
530.0,
535.0,
,
,
,
,
,
,
,
,
,
,
,
510.0,
515.0,
520.0,
525.0,
530.0,
535.0,
,
,
,
,
,
,
,
,
,
,
,
510.0,
515.0,
520.0,
525.0,
530.0,
535.0,
,
,
,
,
,
,
,
,
,
,
,
510.0,
515.0,
520.0,
525.0,
530.0,
535.0,
,
,
,
,
,
,
,
,
,
,
,
510.0,
515.0,
520.0,
525.0,
530.0,
535.0,
,
,
,
,
,
,
,
,
,
,
,
515.0,
520.0,
525.0,
530.0,
535.0,
540.0,
,
,
,
,
,
,
,
,
,
,
,
515.0,
520.0,
525.0,
530.0,
535.0,
540.0,
,
,
,
,
,
,
,
,
,
,
,
515.0,
520.0,
525.0,
530.0,
535.0,
540.0,
,
,
,
,
,
,
,
,
,
,
,
515.0,
520.0,
525.0,
530.0,
535.0,
540.0,
,
,
,
,
,
,
,
,
,
,
,
515.0,
520.0,
525.0,
530.0,
535.0,
540.0,
,
,
,
,
,
,
,
,
,
,
,
520.0,
525.0,
530.0,
535.0,
540.0,
545.0,
,
,
,
,
,
,
,
,
,
,
,
520.0,
525.0,
530.0,
535.0,
540.0,
545.0,
,
,
,
,
,
,
,
,
,
,
,
520.0,
525.0,
530.0,
535.0,
540.0,
545.0,
,
,
,
,
,
,
,
,
,
,
,
520.0,
525.0,
530.0,
535.0,
540.0,
545.0,
,
,
,
,
,
,
,
,
,
,
,
520.0,
525.0,
530.0,
535.0,
540.0,
545.0,
,
,
,
,
,
,
,
,
,
,
,
525.0,
530.0,
535.0,
540.0,
545.0,
550.0,
,
,
,
,
,
,
,
,
,
,
,
525.0,
530.0,
535.0,
540.0,
545.0,
550.0,
,
,
,
,
,
,
,
,
,
,
,
525.0,
530.0,
535.0,
540.0,
545.0,
550.0,
,
,
,
,
,
,
,
,
,
,
,
525.0,
530.0,
535.0,
540.0,
545.0,
550.0,
,
,
,
,
,
,
,
,
,
,
,
525.0,
530.0,
535.0,
540.0,
545.0,
550.0,
,
,
,
,
,
,
,
,
,
,
,
530.0,
535.0,
540.0,
545.0,
550.0,
555.0,
,
,
,
,
,
,
,
,
,
,
,
530.0,
535.0,
540.0,
545.0,
550.0,
555.0,
,
,
,
,
,
,
,
,
,
,
,
530.0,
535.0,
540.0,
545.0,
550.0,
555.0,
,
,
,
,
,
,
,
,
,
,
,
530.0,
535.0,
540.0,
545.0,
550.0,
555.0,
,
,
,
,
,
,
,
,
,
,
,
530.0,
535.0,
540.0,
545.0,
550.0,
555.0,
,
,
,
,
,
,
,
,
,
,
,
535.0,
540.0,
545.0,
550.0,
555.0,
560.0,
,
,
,
,
,
,
,
,
,
,
,
535.0,
540.0,
545.0,
550.0,
555.0,
560.0,
,
,
,
,
,
,
,
,
,
,
,
535.0,
540.0,
545.0,
550.0,
555.0,
560.0,
,
,
,
,
,
,
,
,
,
,
,
535.0,
540.0,
545.0,
550.0,
555.0,
560.0,
,
,
,
,
,
,
,
,
,
,
,
535.0,
540.0,
545.0,
550.0,
555.0,
560.0,
,
,
,
,
,
,
,
,
,
,
,
540.0,
545.0,
550.0,
555.0,
560.0,
565.0,
,
,
,
,
,
,
,
,
,
,
,
540.0,
545.0,
550.0,
555.0,
560.0,
565.0,
,
,
,
,
,
,
,
,
,
,
,
540.0,
545.0,
550.0,
555.0,
560.0,
565.0,
,
,
,
,
,
,
,
,
,
,
,
540.0,
545.0,
550.0,
555.0,
560.0,
565.0,
,
,
,
,
,
,
,
,
,
,
,
540.0,
545.0,
550.0,
555.0,
560.0,
565.0,
,
,
,
,
,
,
,
,
,
,
,
545.0,
550.0,
555.0,
560.0,
565.0,
570.0,
,
,
,
,
,
,
,
,
,
,
,
545.0,
550.0,
555.0,
560.0,
565.0,
570.0,
,
,
,
,
,
,
,
,
,
,
,
545.0,
550.0,
555.0,
560.0,
565.0,
570.0,
,
,
,
,
,
,
,
,
,
,
,
545.0,
550.0,
555.0,
560.0,
565.0,
570.0,
,
,
,
,
,
,
,
,
,
,
,
545.0,
550.0,
555.0,
560.0,
565.0,
570.0,
,
,
,
,
,
,
,
,
,
,
,
550.0,
555.0,
560.0,
565.0,
570.0,
575.0,
,
,
,
,
,
,
,
,
,
,
,
550.0,
555.0,
560.0,
565.0,
570.0,
575.0,
,
,
,
,
,
,
,
,
,
,
,
550.0,
555.0,
560.0,
565.0,
570.0,
575.0,
,
,
,
,
,
,
,
,
,
,
,
550.0,
555.0,
560.0,
565.0,
570.0,
575.0,
,
,
,
,
,
,
,
,
,
,
,
550.0,
555.0,
560.0,
565.0,
570.0,
575.0,
,
,
,
,
,
,
,
,
,
,
,
555.0,
560.0,
565.0,
570.0,
575.0,
580.0,
,
,
,
,
,
,
,
,
,
,
,
555.0,
560.0,
565.0,
570.0,
575.0,
580.0,
,
,
,
,
,
,
,
,
,
,
,
555.0,
560.0,
565.0,
570.0,
575.0,
580.0,
,
,
,
,
,
,
,
,
,
,
,
555.0,
560.0,
565.0,
570.0,
575.0,
580.0,
,
,
,
,
,
,
,
,
,
,
,
555.0,
560.0,
565.0,
570.0,
575.0,
580.0,
,
,
,
,
,
,
,
,
,
,
,
560.0,
565.0,
570.0,
575.0,
580.0,
585.0,
,
,
,
,
,
,
,
,
,
,
,
560.0,
565.0,
570.0,
575.0,
580.0,
585.0,
,
,
,
,
,
,
,
,
,
,
,
560.0,
565.0,
570.0,
575.0,
580.0,
585.0,
,
,
,
,
,
,
,
,
,
,
,
560.0,
565.0,
570.0,
575.0,
580.0,
585.0,
,
,
,
,
,
,
,
,
,
,
,
560.0,
565.0,
570.0,
575.0,
580.0,
585.0,
,
,
,
,
,
,
,
,
,
,
,
565.0,
570.0,
575.0,
580.0,
585.0,
590.0,
,
,
,
,
,
,
,
,
,
,
,
565.0,
570.0,
575.0,
580.0,
585.0,
590.0,
,
,
,
,
,
,
,
,
,
,
,
565.0,
570.0,
575.0,
580.0,
585.0,
590.0,
,
,
,
,
,
,
,
,
,
,
,
565.0,
570.0,
575.0,
580.0,
585.0,
590.0,
,
,
,
,
,
,
,
,
,
,
,
565.0,
570.0,
575.0,
580.0,
585.0,
590.0,
,
,
,
,
,
,
,
,
,
,
,
570.0,
575.0,
580.0,
585.0,
590.0,
595.0,
,
,
,
,
,
,
,
,
,
,
,
570.0,
575.0,
580.0,
585.0,
590.0,
595.0,
,
,
,
,
,
,
,
,
,
,
,
570.0,
575.0,
580.0,
585.0,
590.0,
595.0,
,
,
,
,
,
,
,
,
,
,
,
570.0,
575.0,
580.0,
585.0,
590.0,
595.0,
,
,
,
,
,
,
,
,
,
,
,
570.0,
575.0,
580.0,
585.0,
590.0,
595.0,
,
,
,
,
,
,
,
,
,
,
,
575.0,
580.0,
585.0,
590.0,
595.0,
600.0,
,
,
,
,
,
,
,
,
,
,
,
575.0,
580.0,
585.0,
590.0,
595.0,
600.0,
,
,
,
,
,
,
,
,
,
,
,
575.0,
580.0,
585.0,
590.0,
595.0,
600.0,
,
,
,
,
,
,
,
,
,
,
,
575.0,
580.0,
585.0,
590.0,
595.0,
600.0,
,
,
,
,
,
,
,
,
,
,
,
575.0,
580.0,
585.0,
590.0,
595.0,
600.0,
,
,
,
,
,
,
,
,
,
,
,
580.0,
585.0,
590.0,
595.0,
600.0,
605.0,
,
,
,
,
,
,
,
,
,
,
,
580.0,
585.0,
590.0,
595.0,
600.0,
605.0,
,
,
,
,
,
,
,
,
,
,
,
580.0,
585.0,
590.0,
595.0,
600.0,
605.0,
,
,
,
,
,
,
,
,
,
,
,
580.0,
585.0,
590.0,
595.0,
600.0,
605.0,
,
,
,
,
,
,
,
,
,
,
,
580.0,
585.0,
590.0,
595.0,
600.0,
605.0,
,
,
,
,
,
,
,
,
,
,
,
585.0,
590.0,
595.0,
600.0,
605.0,
610.0,
,
,
,
,
,
,
,
,
,
,
,
585.0,
590.0,
595.0,
600.0,
605.0,
610.0,
,
,
,
,
,
,
,
,
,
,
,
585.0,
590.0,
595.0,
600.0,
605.0,
610.0,
,
,
,
,
,
,
,
,
,
,
,
585.0,
590.0,
595.0,
600.0,
605.0,
610.0,
,
,
,
,
,
,
,
,
,
,
,
585.0,
590.0,
595.0,
600.0,
605.0,
610.0,
,
,
,
,
,
,
,
,
,
,
,
590.0,
595.0,
600.0,
605.0,
610.0,
615.0,
,
,
,
,
,
,
,
,
,
,
,
590.0,
595.0,
600.0,
605.0,
610.0,
615.0,
,
,
,
,
,
,
,
,
,
,
,
590.0,
595.0,
600.0,
605.0,
610.0,
615.0,
,
,
,
,
,
,
,
,
,
,
,
590.0,
595.0,
600.0,
605.0,
610.0,
615.0,
,
,
,
,
,
,
,
,
,
,
,
590.0,
595.0,
600.0,
605.0,
610.0,
615.0,
,
,
,
,
,
,
,
,
,
,
,
595.0,
600.0,
605.0,
610.0,
615.0,
620.0,
,
,
,
,
,
,
,
,
,
,
,
595.0,
600.0,
605.0,
610.0,
615.0,
620.0,
,
,
,
,
,
,
,
,
,
,
,
595.0,
600.0,
605.0,
610.0,
615.0,
620.0,
,
,
,
,
,
,
,
,
,
,
,
595.0,
600.0,
605.0,
610.0,
615.0,
620.0,
,
,
,
,
,
,
,
,
,
,
,
595.0,
600.0,
605.0,
610.0,
615.0,
620.0,
,
,
,
,
,
,
,
,
,
,
,
600.0,
605.0,
610.0,
615.0,
620.0,
625.0,
,
,
,
,
,
,
,
,
,
,
,
600.0,
605.0,
610.0,
615.0,
620.0,
625.0,
,
,
,
,
,
,
,
,
,
,
,
600.0,
605.0,
610.0,
615.0,
620.0,
625.0,
,
,
,
,
,
,
,
,
,
,
,
600.0,
605.0,
610.0,
615.0,
620.0,
625.0,
,
,
,
,
,
,
,
,
,
,
,
600.0,
605.0,
610.0,
615.0,
620.0,
625.0,
,
,
,
,
,
,
,
,
,
,
,
605.0,
610.0,
615.0,
620.0,
625.0,
630.0,
,
,
,
,
,
,
,
,
,
,
,
605.0,
610.0,
615.0,
620.0,
625.0,
630.0,
,
,
,
,
,
,
,
,
,
,
,
605.0,
610.0,
615.0,
620.0,
625.0,
630.0,
,
,
,
,
,
,
,
,
,
,
,
605.0,
610.0,
615.0,
620.0,
625.0,
630.0,
,
,
,
,
,
,
,
,
,
,
,
605.0,
610.0,
615.0,
620.0,
625.0,
630.0,
,
,
,
,
,
,
,
,
,
,
,
610.0,
615.0,
620.0,
625.0,
630.0,
635.0,
,
,
,
,
,
,
,
,
,
,
,
610.0,
615.0,
620.0,
625.0,
630.0,
635.0,
,
,
,
,
,
,
,
,
,
,
,
610.0,
615.0,
620.0,
625.0,
630.0,
635.0,
,
,
,
,
,
,
,
,
,
,
,
610.0,
615.0,
620.0,
625.0,
630.0,
635.0,
,
,
,
,
,
,
,
,
,
,
,
610.0,
615.0,
620.0,
625.0,
630.0,
635.0,
,
,
,
,
,
,
,
,
,
,
,
615.0,
620.0,
625.0,
630.0,
635.0,
640.0,
,
,
,
,
,
,
,
,
,
,
,
615.0,
620.0,
625.0,
630.0,
635.0,
640.0,
,
,
,
,
,
,
,
,
,
,
,
615.0,
620.0,
625.0,
630.0,
635.0,
640.0,
,
,
,
,
,
,
,
,
,
,
,
615.0,
620.0,
625.0,
630.0,
635.0,
640.0,
,
,
,
,
,
,
,
,
,
,
,
615.0,
620.0,
625.0,
630.0,
635.0,
640.0,
,
,
,
,
,
,
,
,
,
,
,
620.0,
625.0,
630.0,
635.0,
640.0,
645.0,
,
,
,
,
,
,
,
,
,
,
,
620.0,
625.0,
630.0,
635.0,
640.0,
645.0,
,
,
,
,
,
,
,
,
,
,
,
620.0,
625.0,
630.0,
635.0,
640.0,
645.0,
,
,
,
,
,
,
,
,
,
,
,
620.0,
625.0,
630.0,
635.0,
640.0,
645.0,
,
,
,
,
,
,
,
,
,
,
,
620.0,
625.0,
630.0,
635.0,
640.0,
645.0,
,
,
,
,
,
,
,
,
,
,
,
625.0,
630.0,
635.0,
640.0,
645.0,
650.0,
,
,
,
,
,
,
,
,
,
,
,
625.0,
630.0,
635.0,
640.0,
645.0,
650.0,
,
,
,
,
,
,
,
,
,
,
,
625.0,
630.0,
635.0,
640.0,
645.0,
650.0,
,
,
,
,
,
,
,
,
,
,
,
625.0,
630.0,
635.0,
640.0,
645.0,
650.0,
,
,
,
,
,
,
,
,
,
,
,
625.0,
630.0,
635.0,
640.0,
645.0,
650.0,
,
,
,
,
,
,
,
,
,
,
,
630.0,
635.0,
640.0,
645.0,
650.0,
655.0,
,
,
,
,
,
,
,
,
,
,
,
630.0,
635.0,
640.0,
645.0,
650.0,
655.0,
,
,
,
,
,
,
,
,
,
,
,
630.0,
635.0,
640.0,
645.0,
650.0,
655.0,
,
,
,
,
,
,
,
,
,
,
,
630.0,
635.0,
640.0,
645.0,
650.0,
655.0,
,
,
,
,
,
,
,
,
,
,
,
630.0,
635.0,
640.0,
645.0,
650.0,
655.0,
,
,
,
,
,
,
,
,
,
,
,
635.0,
640.0,
645.0,
650.0,
655.0,
660.0,
,
,
,
,
,
,
,
,
,
,
,
635.0,
640.0,
645.0,
650.0,
655.0,
660.0,
,
,
,
,
,
,
,
,
,
,
,
635.0,
640.0,
645.0,
650.0,
655.0,
660.0,
,
,
,
,
,
,
,
,
,
,
,
635.0,
640.0,
645.0,
650.0,
655.0,
660.0,
,
,
,
,
,
,
,
,
,
,
,
635.0,
640.0,
645.0,
650.0,
655.0,
660.0,
,
,
,
,
,
,
,
,
,
,
,
640.0,
645.0,
650.0,
655.0,
660.0,
665.0,
,
,
,
,
,
,
,
,
,
,
,
640.0,
645.0,
650.0,
655.0,
660.0,
665.0,
,
,
,
,
,
,
,
,
,
,
,
640.0,
645.0,
650.0,
655.0,
660.0,
665.0,
,
,
,
,
,
,
,
,
,
,
,
640.0,
645.0,
650.0,
655.0,
660.0,
665.0,
,
,
,
,
,
,
,
,
,
,
,
640.0,
645.0,
650.0,
655.0,
660.0,
665.0,
,
,
,
,
,
,
,
,
,
,
,
645.0,
650.0,
655.0,
660.0,
665.0,
670.0,
,
,
,
,
,
,
,
,
,
,
,
645.0,
650.0,
655.0,
660.0,
665.0,
670.0,
,
,
,
,
,
,
,
,
,
,
,
645.0,
650.0,
655.0,
660.0,
665.0,
670.0,
,
,
,
,
,
,
,
,
,
,
,
645.0,
650.0,
655.0,
660.0,
665.0,
670.0,
,
,
,
,
,
,
,
,
,
,
,
645.0,
650.0,
655.0,
660.0,
665.0,
670.0,
,
,
,
,
,
,
,
,
,
,
,
650.0,
655.0,
660.0,
665.0,
670.0,
675.0,
,
,
,
,
,
,
,
,
,
,
,
650.0,
655.0,
660.0,
665.0,
670.0,
675.0,
,
,
,
,
,
,
,
,
,
,
,
650.0,
655.0,
660.0,
665.0,
670.0,
675.0,
,
,
,
,
,
,
,
,
,
,
,
650.0,
655.0,
660.0,
665.0,
670.0,
675.0,
,
,
,
,
,
,
,
,
,
,
,
650.0,
655.0,
660.0,
665.0,
670.0,
675.0,
,
,
,
,
,
,
,
,
,
,
,
655.0,
660.0,
665.0,
670.0,
675.0,
680.0,
,
,
,
,
,
,
,
,
,
,
,
655.0,
660.0,
665.0,
670.0,
675.0,
680.0,
,
,
,
,
,
,
,
,
,
,
,
655.0,
660.0,
665.0,
670.0,
675.0,
680.0,
,
,
,
,
,
,
,
,
,
,
,
655.0,
660.0,
665.0,
670.0,
675.0,
680.0,
,
,
,
,
,
,
,
,
,
,
,
655.0,
660.0,
665.0,
670.0,
675.0,
680.0,
,
,
,
,
,
,
,
,
,
,
,
660.0,
665.0,
670.0,
675.0,
680.0,
685.0,
,
,
,
,
,
,
,
,
,
,
,
660.0,
665.0,
670.0,
675.0,
680.0,
685.0,
,
,
,
,
,
,
,
,
,
,
,
660.0,
665.0,
670.0,
675.0,
680.0,
685.0,
,
,
,
,
,
,
,
,
,
,
,
660.0,
665.0,
670.0,
675.0,
680.0,
685.0,
,
,
,
,
,
,
,
,
,
,
,
660.0,
665.0,
670.0,
675.0,
680.0,
685.0,
,
,
,
,
,
,
,
,
,
,
,
665.0,
670.0,
675.0,
680.0,
685.0,
690.0,
,
,
,
,
,
,
,
,
,
,
,
665.0,
670.0,
675.0,
680.0,
685.0,
690.0,
,
,
,
,
,
,
,
,
,
,
,
665.0,
670.0,
675.0,
680.0,
685.0,
690.0,
,
,
,
,
,
,
,
,
,
,
,
665.0,
670.0,
675.0,
680.0,
685.0,
690.0,
,
,
,
,
,
,
,
,
,
,
,
665.0,
670.0,
675.0,
680.0,
685.0,
690.0,
,
,
,
,
,
,
,
,
,
,
,
670.0,
675.0,
680.0,
685.0,
690.0,
695.0,
,
,
,
,
,
,
,
,
,
,
,
670.0,
675.0,
680.0,
685.0,
690.0,
695.0,
,
,
,
,
,
,
,
,
,
,
,
670.0,
675.0,
680.0,
685.0,
690.0,
695.0,
,
,
,
,
,
,
,
,
,
,
,
670.0,
675.0,
680.0,
685.0,
690.0,
695.0,
,
,
,
,
,
,
,
,
,
,
,
670.0,
675.0,
680.0,
685.0,
690.0,
695.0,
,
,
,
,
,
,
,
,
,
,
,
675.0,
680.0,
685.0,
690.0,
695.0,
700.0,
,
,
,
,
,
,
,
,
,
,
,
675.0,
680.0,
685.0,
690.0,
695.0,
700.0,
,
,
,
,
,
,
,
,
,
,
,
675.0,
680.0,
685.0,
690.0,
695.0,
700.0,
,
,
,
,
,
,
,
,
,
,
,
675.0,
680.0,
685.0,
690.0,
695.0,
700.0,
,
,
,
,
,
,
,
,
,
,
,
675.0,
680.0,
685.0,
690.0,
695.0,
700.0,
,
,
,
,
,
,
,
,
,
,
,
680.0,
685.0,
690.0,
695.0,
700.0,
705.0,
,
,
,
,
,
,
,
,
,
,
,
680.0,
685.0,
690.0,
695.0,
700.0,
705.0,
,
,
,
,
,
,
,
,
,
,
,
680.0,
685.0,
690.0,
695.0,
700.0,
705.0,
,
,
,
,
,
,
,
,
,
,
,
680.0,
685.0,
690.0,
695.0,
700.0,
705.0,
,
,
,
,
,
,
,
,
,
,
,
680.0,
685.0,
690.0,
695.0,
700.0,
705.0,
,
,
,
,
,
,
,
,
,
,
,
685.0,
690.0,
695.0,
700.0,
705.0,
710.0,
,
,
,
,
,
,
,
,
,
,
,
685.0,
690.0,
695.0,
700.0,
705.0,
710.0,
,
,
,
,
,
,
,
,
,
,
,
685.0,
690.0,
695.0,
700.0,
705.0,
710.0,
,
,
,
,
,
,
,
,
,
,
,
685.0,
690.0,
695.0,
700.0,
705.0,
710.0,
,
,
,
,
,
,
,
,
,
,
,
685.0,
690.0,
695.0,
700.0,
705.0,
710.0,
,
,
,
,
,
,
,
,
,
,
,
690.0,
695.0,
700.0,
705.0,
710.0,
715.0,
,
,
,
,
,
,
,
,
,
,
,
690.0,
695.0,
700.0,
705.0,
710.0,
715.0,
,
,
,
,
,
,
,
,
,
,
,
690.0,
695.0,
700.0,
705.0,
710.0,
715.0,
,
,
,
,
,
,
,
,
,
,
,
690.0,
695.0,
700.0,
705.0,
710.0,
715.0,
,
,
,
,
,
,
,
,
,
,
,
690.0,
695.0,
700.0,
705.0,
710.0,
715.0,
,
,
,
,
,
,
,
,
,
,
,
695.0,
700.0,
705.0,
710.0,
715.0,
720.0,
,
,
,
,
,
,
,
,
,
,
,
695.0,
700.0,
705.0,
710.0,
715.0,
720.0,
,
,
,
,
,
,
,
,
,
,
,
695.0,
700.0,
705.0,
710.0,
715.0,
720.0,
,
,
,
,
,
,
,
,
,
,
,
695.0,
700.0,
705.0,
710.0,
715.0,
720.0,
,
,
,
,
,
,
,
,
,
,
,
695.0,
700.0,
705.0,
710.0,
715.0,
720.0,
,
,
,
,
,
,
,
,
,
,
,
700.0,
705.0,
710.0,
715.0,
720.0,
725.0,
,
,
,
,
,
,
,
,
,
,
,
700.0,
705.0,
710.0,
715.0,
720.0,
725.0,
,
,
,
,
,
,
,
,
,
,
,
700.0,
705.0,
710.0,
715.0,
720.0,
725.0,
,
,
,
,
,
,
,
,
,
,
,
700.0,
705.0,
710.0,
715.0,
720.0,
725.0,
,
,
,
,
,
,
,
,
,
,
,
700.0,
705.0,
710.0,
715.0,
720.0,
725.0,
,
,
,
,
,
,
,
,
,
,
,
705.0,
710.0,
715.0,
720.0,
725.0,
730.0,
,
,
,
,
,
,
,
,
,
,
,
705.0,
710.0,
715.0,
720.0,
725.0,
730.0,
,
,
,
,
,
,
,
,
,
,
,
705.0,
710.0,
715.0,
720.0,
725.0,
730.0,
,
,
,
,
,
,
,
,
,
,
,
705.0,
710.0,
715.0,
720.0,
725.0,
730.0,
,
,
,
,
,
,
,
,
,
,
,
705.0,
710.0,
715.0,
720.0,
725.0,
730.0,
,
,
,
,
,
,
,
,
,
,
,
710.0,
715.0,
720.0,
725.0,
730.0,
735.0,
,
,
,
,
,
,
,
,
,
,
,
710.0,
715.0,
720.0,
725.0,
730.0,
735.0,
,
,
,
,
,
,
,
,
,
,
,
710.0,
715.0,
720.0,
725.0,
730.0,
735.0,
,
,
,
,
,
,
,
,
,
,
,
710.0,
715.0,
720.0,
725.0,
730.0,
735.0,
,
,
,
,
,
,
,
,
,
,
,
710.0,
715.0,
720.0,
725.0,
730.0,
735.0,
,
,
,
,
,
,
,
,
,
,
,
715.0,
720.0,
725.0,
730.0,
735.0,
740.0,
,
,
,
,
,
,
,
,
,
,
,
715.0,
720.0,
725.0,
730.0,
735.0,
740.0,
,
,
,
,
,
,
,
,
,
,
,
715.0,
720.0,
725.0,
730.0,
735.0,
740.0,
,
,
,
,
,
,
,
,
,
,
,
715.0,
720.0,
725.0,
730.0,
735.0,
740.0,
,
,
,
,
,
,
,
,
,
,
,
715.0,
720.0,
725.0,
730.0,
735.0,
740.0,
,
,
,
,
,
,
,
,
,
,
,
720.0,
725.0,
730.0,
735.0,
740.0,
745.0,
,
,
,
,
,
,
,
,
,
,
,
720.0,
725.0,
730.0,
735.0,
740.0,
745.0,
,
,
,
,
,
,
,
,
,
,
,
720.0,
725.0,
730.0,
735.0,
740.0,
745.0,
,
,
,
,
,
,
,
,
,
,
,
720.0,
725.0,
730.0,
735.0,
740.0,
745.0,
,
,
,
,
,
,
,
,
,
,
,
720.0,
725.0,
730.0,
735.0,
740.0,
745.0,
,
,
,
,
,
,
,
,
,
,
,
725.0,
730.0,
735.0,
740.0,
745.0,
750.0,
,
,
,
,
,
,
,
,
,
,
,
725.0,
730.0,
735.0,
740.0,
745.0,
750.0,
,
,
,
,
,
,
,
,
,
,
,
725.0,
730.0,
735.0,
740.0,
745.0,
750.0,
,
,
,
,
,
,
,
,
,
,
,
725.0,
730.0,
735.0,
740.0,
745.0,
750.0,
,
,
,
,
,
,
,
,
,
,
,
725.0,
730.0,
735.0,
740.0,
745.0,
750.0,
,
,
,
,
,
,
,
,
,
,
,
730.0,
735.0,
740.0,
745.0,
750.0,
755.0,
,
,
,
,
,
,
,
,
,
,
,
730.0,
735.0,
740.0,
745.0,
750.0,
755.0,
,
,
,
,
,
,
,
,
,
,
,
730.0,
735.0,
740.0,
745.0,
750.0,
755.0,
,
,
,
,
,
,
,
,
,
,
,
730.0,
735.0,
740.0,
745.0,
750.0,
755.0,
,
,
,
,
,
,
,
,
,
,
,
730.0,
735.0,
740.0,
745.0,
750.0,
755.0,
,
,
,
,
,
,
,
,
,
,
,
735.0,
740.0,
745.0,
750.0,
755.0,
760.0,
,
,
,
,
,
,
,
,
,
,
,
735.0,
740.0,
745.0,
750.0,
755.0,
760.0,
,
,
,
,
,
,
,
,
,
,
,
735.0,
740.0,
745.0,
750.0,
755.0,
760.0,
,
,
,
,
,
,
,
,
,
,
,
735.0,
740.0,
745.0,
750.0,
755.0,
760.0,
,
,
,
,
,
,
,
,
,
,
,
735.0,
740.0,
745.0,
750.0,
755.0,
760.0,
,
,
,
,
,
,
,
,
,
,
,
740.0,
745.0,
750.0,
755.0,
760.0,
765.0,
,
,
,
,
,
,
,
,
,
,
,
740.0,
745.0,
750.0,
755.0,
760.0,
765.0,
,
,
,
,
,
,
,
,
,
,
,
740.0,
745.0,
750.0,
755.0,
760.0,
765.0,
,
,
,
,
,
,
,
,
,
,
,
740.0,
745.0,
750.0,
755.0,
760.0,
765.0,
,
,
,
,
,
,
,
,
,
,
,
740.0,
745.0,
750.0,
755.0,
760.0,
765.0,
,
,
,
,
,
,
,
,
,
,
,
745.0,
750.0,
755.0,
760.0,
765.0,
770.0,
,
,
,
,
,
,
,
,
,
,
,
745.0,
750.0,
755.0,
760.0,
765.0,
770.0,
,
,
,
,
,
,
,
,
,
,
,
745.0,
750.0,
755.0,
760.0,
765.0,
770.0,
,
,
,
,
,
,
,
,
,
,
,
745.0,
750.0,
755.0,
760.0,
765.0,
770.0,
,
,
,
,
,
,
,
,
,
,
,
745.0,
750.0,
755.0,
760.0,
765.0,
770.0,
,
,
,
,
,
,
,
,
,
,
,
750.0,
755.0,
760.0,
765.0,
770.0,
775.0,
,
,
,
,
,
,
,
,
,
,
,
750.0,
755.0,
760.0,
765.0,
770.0,
775.0,
,
,
,
,
,
,
,
,
,
,
,
750.0,
755.0,
760.0,
765.0,
770.0,
775.0,
,
,
,
,
,
,
,
,
,
,
,
750.0,
755.0,
760.0,
765.0,
770.0,
775.0,
,
,
,
,
,
,
,
,
,
,
,
750.0,
755.0,
760.0,
765.0,
770.0,
775.0,
,
,
,
,
,
,
,
,
,
,
,
755.0,
760.0,
765.0,
770.0,
775.0,
780.0,
,
,
,
,
,
,
,
,
,
,
,
755.0,
760.0,
765.0,
770.0,
775.0,
780.0,
,
,
,
,
,
,
,
,
,
,
,
755.0,
760.0,
765.0,
770.0,
775.0,
780.0,
,
,
,
,
,
,
,
,
,
,
,
755.0,
760.0,
765.0,
770.0,
775.0,
780.0,
,
,
,
,
,
,
,
,
,
,
,
755.0,
760.0,
765.0,
770.0,
775.0,
780.0,
,
,
,
,
,
,
,
,
,
,
,
760.0,
765.0,
770.0,
775.0,
780.0,
785.0,
,
,
,
,
,
,
,
,
,
,
,
760.0,
765.0,
770.0,
775.0,
780.0,
785.0,
,
,
,
,
,
,
,
,
,
,
,
760.0,
765.0,
770.0,
775.0,
780.0,
785.0,
,
,
,
,
,
,
,
,
,
,
,
760.0,
765.0,
770.0,
775.0,
780.0,
785.0,
,
,
,
,
,
,
,
,
,
,
,
760.0,
765.0,
770.0,
775.0,
780.0,
785.0,
,
,
,
,
,
,
,
,
,
,
,
765.0,
770.0,
775.0,
780.0,
785.0,
790.0,
,
,
,
,
,
,
,
,
,
,
,
765.0,
770.0,
775.0,
780.0,
785.0,
790.0,
,
,
,
,
,
,
,
,
,
,
,
765.0,
770.0,
775.0,
780.0,
785.0,
790.0,
,
,
,
,
,
,
,
,
,
,
,
765.0,
770.0,
775.0,
780.0,
785.0,
790.0,
,
,
,
,
,
,
,
,
,
,
,
765.0,
770.0,
775.0,
780.0,
785.0,
790.0,
,
,
,
,
,
,
,
,
,
,
,
770.0,
775.0,
780.0,
785.0,
790.0,
795.0,
,
,
,
,
,
,
,
,
,
,
,
770.0,
775.0,
780.0,
785.0,
790.0,
795.0,
,
,
,
,
,
,
,
,
,
,
,
770.0,
775.0,
780.0,
785.0,
790.0,
795.0,
,
,
,
,
,
,
,
,
,
,
,
770.0,
775.0,
780.0,
785.0,
790.0,
795.0,
,
,
,
,
,
,
,
,
,
,
,
770.0,
775.0,
780.0,
785.0,
790.0,
795.0,
,
,
,
,
,
,
,
,
,
,
,
775.0,
780.0,
785.0,
790.0,
795.0,
800.0,
,
,
,
,
,
,
,
,
,
,
,
775.0,
780.0,
785.0,
790.0,
795.0,
800.0,
,
,
,
,
,
,
,
,
,
,
,
775.0,
780.0,
785.0,
790.0,
795.0,
800.0,
,
,
,
,
,
,
,
,
,
,
,
775.0,
780.0,
785.0,
790.0,
795.0,
800.0,
,
,
,
,
,
,
,
,
,
,
,
775.0,
780.0,
785.0,
790.0,
795.0,
800.0,
,
,
,
,
,
,
,
,
,
,
,
780.0,
785.0,
790.0,
795.0,
800.0,
805.0,
,
,
,
,
,
,
,
,
,
,
,
780.0,
785.0,
790.0,
795.0,
800.0,
805.0,
,
,
,
,
,
,
,
,
,
,
,
780.0,
785.0,
790.0,
795.0,
800.0,
805.0,
,
,
,
,
,
,
,
,
,
,
,
780.0,
785.0,
790.0,
795.0,
800.0,
805.0,
,
,
,
,
,
,
,
,
,
,
,
780.0,
785.0,
790.0,
795.0,
800.0,
805.0,
,
,
,
,
,
,
,
,
,
,
,
785.0,
790.0,
795.0,
800.0,
805.0,
810.0,
,
,
,
,
,
,
,
,
,
,
,
785.0,
790.0,
795.0,
800.0,
805.0,
810.0,
,
,
,
,
,
,
,
,
,
,
,
785.0,
790.0,
795.0,
800.0,
805.0,
810.0,
,
,
,
,
,
,
,
,
,
,
,
785.0,
790.0,
795.0,
800.0,
805.0,
810.0,
,
,
,
,
,
,
,
,
,
,
,
785.0,
790.0,
795.0,
800.0,
805.0,
810.0,
,
,
,
,
,
,
,
,
,
,
,
790.0,
795.0,
800.0,
805.0,
810.0,
815.0,
,
,
,
,
,
,
,
,
,
,
,
790.0,
795.0,
800.0,
805.0,
810.0,
815.0,
,
,
,
,
,
,
,
,
,
,
,
790.0,
795.0,
800.0,
805.0,
810.0,
815.0,
,
,
,
,
,
,
,
,
,
,
,
790.0,
795.0,
800.0,
805.0,
810.0,
815.0,
,
,
,
,
,
,
,
,
,
,
,
790.0,
795.0,
800.0,
805.0,
810.0,
815.0,
,
,
,
,
,
,
,
,
,
,
,
795.0,
800.0,
805.0,
810.0,
815.0,
820.0,
,
,
,
,
,
,
,
,
,
,
,
795.0,
800.0,
805.0,
810.0,
815.0,
820.0,
,
,
,
,
,
,
,
,
,
,
,
795.0,
800.0,
805.0,
810.0,
815.0,
820.0,
,
,
,
,
,
,
,
,
,
,
,
795.0,
800.0,
805.0,
810.0,
815.0,
820.0,
,
,
,
,
,
,
,
,
,
,
,
795.0,
800.0,
805.0,
810.0,
815.0,
820.0,
,
,
,
,
,
,
,
,
,
,
,
800.0,
805.0,
810.0,
815.0,
820.0,
825.0,
,
,
,
,
,
,
,
,
,
,
,
800.0,
805.0,
810.0,
815.0,
820.0,
825.0,
,
,
,
,
,
,
,
,
,
,
,
800.0,
805.0,
810.0,
815.0,
820.0,
825.0,
,
,
,
,
,
,
,
,
,
,
,
800.0,
805.0,
810.0,
815.0,
820.0,
825.0,
,
,
,
,
,
,
,
,
,
,
,
800.0,
805.0,
810.0,
815.0,
820.0,
825.0,
,
,
,
,
,
,
,
,
,
,
,
805.0,
810.0,
815.0,
820.0,
825.0,
830.0,
,
,
,
,
,
,
,
,
,
,
,
805.0,
810.0,
815.0,
820.0,
825.0,
830.0,
,
,
,
,
,
,
,
,
,
,
,
805.0,
810.0,
815.0,
820.0,
825.0,
830.0,
,
,
,
,
,
,
,
,
,
,
,
805.0,
810.0,
815.0,
820.0,
825.0,
830.0,
,
,
,
,
,
,
,
,
,
,
,
805.0,
810.0,
815.0,
820.0,
825.0,
830.0,
,
,
,
,
,
,
,
,
,
,
,
810.0,
815.0,
820.0,
825.0,
830.0,
835.0,
,
,
,
,
,
,
,
,
,
,
,
810.0,
815.0,
820.0,
825.0,
830.0,
835.0,
,
,
,
,
,
,
,
,
,
,
,
810.0,
815.0,
820.0,
825.0,
830.0,
835.0,
,
,
,
,
,
,
,
,
,
,
,
810.0,
815.0,
820.0,
825.0,
830.0,
835.0,
,
,
,
,
,
,
,
,
,
,
,
810.0,
815.0,
820.0,
825.0,
830.0,
835.0,
,
,
,
,
,
,
,
,
,
,
,
815.0,
820.0,
825.0,
830.0,
835.0,
840.0,
,
,
,
,
,
,
,
,
,
,
,
815.0,
820.0,
825.0,
830.0,
835.0,
840.0,
,
,
,
,
,
,
,
,
,
,
,
815.0,
820.0,
825.0,
830.0,
835.0,
840.0,
,
,
,
,
,
,
,
,
,
,
,
815.0,
820.0,
825.0,
830.0,
835.0,
840.0,
,
,
,
,
,
,
,
,
,
,
,
815.0,
820.0,
825.0,
830.0,
835.0,
840.0,
,
,
,
,
,
,
,
,
,
,
,
820.0,
825.0,
830.0,
835.0,
840.0,
845.0,
,
,
,
,
,
,
,
,
,
,
,
820.0,
825.0,
830.0,
835.0,
840.0,
845.0,
,
,
,
,
,
,
,
,
,
,
,
820.0,
825.0,
830.0,
835.0,
840.0,
845.0,
,
,
,
,
,
,
,
,
,
,
,
820.0,
825.0,
830.0,
835.0,
840.0,
845.0,
,
,
,
,
,
,
,
,
,
,
,
820.0,
825.0,
830.0,
835.0,
840.0,
845.0,
,
,
,
,
,
,
,
,
,
,
,
825.0,
830.0,
835.0,
840.0,
845.0,
850.0,
,
,
,
,
,
,
,
,
,
,
,
825.0,
830.0,
835.0,
840.0,
845.0,
850.0,
,
,
,
,
,
,
,
,
,
,
,
825.0,
830.0,
835.0,
840.0,
845.0,
850.0,
,
,
,
,
,
,
,
,
,
,
,
825.0,
830.0,
835.0,
840.0,
845.0,
850.0,
,
,
,
,
,
,
,
,
,
,
,
825.0,
830.0,
835.0,
840.0,
845.0,
850.0,
,
,
,
,
,
,
,
,
,
,
,
830.0,
835.0,
840.0,
845.0,
850.0,
855.0,
,
,
,
,
,
,
,
,
,
,
,
830.0,
835.0,
840.0,
845.0,
850.0,
855.0,
,
,
,
,
,
,
,
,
,
,
,
830.0,
835.0,
840.0,
845.0,
850.0,
855.0,
,
,
,
,
,
,
,
,
,
,
,
830.0,
835.0,
840.0,
845.0,
850.0,
855.0,
,
,
,
,
,
,
,
,
,
,
,
830.0,
835.0,
840.0,
845.0,
850.0,
855.0,
,
,
,
,
,
,
,
,
,
,
,
835.0,
840.0,
845.0,
850.0,
855.0,
860.0,
,
,
,
,
,
,
,
,
,
,
,
835.0,
840.0,
845.0,
850.0,
855.0,
860.0,
,
,
,
,
,
,
,
,
,
,
,
835.0,
840.0,
845.0,
850.0,
855.0,
860.0,
,
,
,
,
,
,
,
,
,
,
,
835.0,
840.0,
845.0,
850.0,
855.0,
860.0,
,
,
,
,
,
,
,
,
,
,
,
835.0,
840.0,
845.0,
850.0,
855.0,
860.0,
,
,
,
,
,
,
,
,
,
,
,
840.0,
845.0,
850.0,
855.0,
860.0,
865.0,
,
,
,
,
,
,
,
,
,
,
,
840.0,
845.0,
850.0,
855.0,
860.0,
865.0,
,
,
,
,
,
,
,
,
,
,
,
840.0,
845.0,
850.0,
855.0,
860.0,
865.0,
,
,
,
,
,
,
,
,
,
,
,
840.0,
845.0,
850.0,
855.0,
860.0,
865.0,
,
,
,
,
,
,
,
,
,
,
,
840.0,
845.0,
850.0,
855.0,
860.0,
865.0,
,
,
,
,
,
,
,
,
,
,
,
845.0,
850.0,
855.0,
860.0,
865.0,
870.0,
,
,
,
,
,
,
,
,
,
,
,
845.0,
850.0,
855.0,
860.0,
865.0,
870.0,
,
,
,
,
,
,
,
,
,
,
,
845.0,
850.0,
855.0,
860.0,
865.0,
870.0,
,
,
,
,
,
,
,
,
,
,
,
845.0,
850.0,
855.0,
860.0,
865.0,
870.0,
,
,
,
,
,
,
,
,
,
,
,
845.0,
850.0,
855.0,
860.0,
865.0,
870.0,
,
,
,
,
,
,
,
,
,
,
,
850.0,
855.0,
860.0,
865.0,
870.0,
875.0,
,
,
,
,
,
,
,
,
,
,
,
850.0,
855.0,
860.0,
865.0,
870.0,
875.0,
,
,
,
,
,
,
,
,
,
,
,
850.0,
855.0,
860.0,
865.0,
870.0,
875.0,
,
,
,
,
,
,
,
,
,
,
,
850.0,
855.0,
860.0,
865.0,
870.0,
875.0,
,
,
,
,
,
,
,
,
,
,
,
850.0,
855.0,
860.0,
865.0,
870.0,
875.0,
,
,
,
,
,
,
,
,
,
,
,
855.0,
860.0,
865.0,
870.0,
875.0,
880.0,
,
,
,
,
,
,
,
,
,
,
,
855.0,
860.0,
865.0,
870.0,
875.0,
880.0,
,
,
,
,
,
,
,
,
,
,
,
855.0,
860.0,
865.0,
870.0,
875.0,
880.0,
,
,
,
,
,
,
,
,
,
,
,
855.0,
860.0,
865.0,
870.0,
875.0,
880.0,
,
,
,
,
,
,
,
,
,
,
,
855.0,
860.0,
865.0,
870.0,
875.0,
880.0,
,
,
,
,
,
,
,
,
,
,
,
860.0,
865.0,
870.0,
875.0,
880.0,
885.0,
,
,
,
,
,
,
,
,
,
,
,
860.0,
865.0,
870.0,
875.0,
880.0,
885.0,
,
,
,
,
,
,
,
,
,
,
,
860.0,
865.0,
870.0,
875.0,
880.0,
885.0,
,
,
,
,
,
,
,
,
,
,
,
860.0,
865.0,
870.0,
875.0,
880.0,
885.0,
,
,
,
,
,
,
,
,
,
,
,
860.0,
865.0,
870.0,
875.0,
880.0,
885.0,
,
,
,
,
,
,
,
,
,
,
,
865.0,
870.0,
875.0,
880.0,
885.0,
890.0,
,
,
,
,
,
,
,
,
,
,
,
865.0,
870.0,
875.0,
880.0,
885.0,
890.0,
,
,
,
,
,
,
,
,
,
,
,
865.0,
870.0,
875.0,
880.0,
885.0,
890.0,
,
,
,
,
,
,
,
,
,
,
,
865.0,
870.0,
875.0,
880.0,
885.0,
890.0,
,
,
,
,
,
,
,
,
,
,
,
865.0,
870.0,
875.0,
880.0,
885.0,
890.0,
,
,
,
,
,
,
,
,
,
,
,
870.0,
875.0,
880.0,
885.0,
890.0,
895.0,
,
,
,
,
,
,
,
,
,
,
,
870.0,
875.0,
880.0,
885.0,
890.0,
895.0,
,
,
,
,
,
,
,
,
,
,
,
870.0,
875.0,
880.0,
885.0,
890.0,
895.0,
,
,
,
,
,
,
,
,
,
,
,
870.0,
875.0,
880.0,
885.0,
890.0,
895.0,
,
,
,
,
,
,
,
,
,
,
,
870.0,
875.0,
880.0,
885.0,
890.0,
895.0,
,
,
,
,
,
,
,
,
,
,
,
875.0,
880.0,
885.0,
890.0,
895.0,
900.0,
,
,
,
,
,
,
,
,
,
,
,
875.0,
880.0,
885.0,
890.0,
895.0,
900.0,
,
,
,
,
,
,
,
,
,
,
,
875.0,
880.0,
885.0,
890.0,
895.0,
900.0,
,
,
,
,
,
,
,
,
,
,
,
875.0,
880.0,
885.0,
890.0,
895.0,
900.0,
,
,
,
,
,
,
,
,
,
,
,
875.0,
880.0,
885.0,
890.0,
895.0,
900.0,
,
,
,
,
,
,
,
,
,
,
,
880.0,
885.0,
890.0,
895.0,
900.0,
905.0,
,
,
,
,
,
,
,
,
,
,
,
880.0,
885.0,
890.0,
895.0,
900.0,
905.0,
,
,
,
,
,
,
,
,
,
,
,
880.0,
885.0,
890.0,
895.0,
900.0,
905.0,
,
,
,
,
,
,
,
,
,
,
,
880.0,
885.0,
890.0,
895.0,
900.0,
905.0,
,
,
,
,
,
,
,
,
,
,
,
880.0,
885.0,
890.0,
895.0,
900.0,
905.0,
,
,
,
,
,
,
,
,
,
,
,
885.0,
890.0,
895.0,
900.0,
905.0,
910.0,
,
,
,
,
,
,
,
,
,
,
,
885.0,
890.0,
895.0,
900.0,
905.0,
910.0,
,
,
,
,
,
,
,
,
,
,
,
885.0,
890.0,
895.0,
900.0,
905.0,
910.0,
,
,
,
,
,
,
,
,
,
,
,
885.0,
890.0,
895.0,
900.0,
905.0,
910.0,
,
,
,
,
,
,
,
,
,
,
,
885.0,
890.0,
895.0,
900.0,
905.0,
910.0,
,
,
,
,
,
,
,
,
,
,
,
890.0,
895.0,
900.0,
905.0,
910.0,
915.0,
,
,
,
,
,
,
,
,
,
,
,
890.0,
895.0,
900.0,
905.0,
910.0,
915.0,
,
,
,
,
,
,
,
,
,
,
,
890.0,
895.0,
900.0,
905.0,
910.0,
915.0,
,
,
,
,
,
,
,
,
,
,
,
890.0,
895.0,
900.0,
905.0,
910.0,
915.0,
,
,
,
,
,
,
,
,
,
,
,
890.0,
895.0,
900.0,
905.0,
910.0,
915.0,
,
,
,
,
,
,
,
,
,
,
,
895.0,
900.0,
905.0,
910.0,
915.0,
920.0,
,
,
,
,
,
,
,
,
,
,
,
895.0,
900.0,
905.0,
910.0,
915.0,
920.0,
,
,
,
,
,
,
,
,
,
,
,
895.0,
900.0,
905.0,
910.0,
915.0,
920.0,
,
,
,
,
,
,
,
,
,
,
,
895.0,
900.0,
905.0,
910.0,
915.0,
920.0,
,
,
,
,
,
,
,
,
,
,
,
895.0,
900.0,
905.0,
910.0,
915.0,
920.0,
,
,
,
,
,
,
,
,
,
,
,
900.0,
905.0,
910.0,
915.0,
920.0,
925.0,
,
,
,
,
,
,
,
,
,
,
,
900.0,
905.0,
910.0,
915.0,
920.0,
925.0,
,
,
,
,
,
,
,
,
,
,
,
900.0,
905.0,
910.0,
915.0,
920.0,
925.0,
,
,
,
,
,
,
,
,
,
,
,
900.0,
905.0,
910.0,
915.0,
920.0,
925.0,
,
,
,
,
,
,
,
,
,
,
,
900.0,
905.0,
910.0,
915.0,
920.0,
925.0,
,
,
,
,
,
,
,
,
,
,
,
905.0,
910.0,
915.0,
920.0,
925.0,
930.0,
,
,
,
,
,
,
,
,
,
,
,
905.0,
910.0,
915.0,
920.0,
925.0,
930.0,
,
,
,
,
,
,
,
,
,
,
,
905.0,
910.0,
915.0,
920.0,
925.0,
930.0,
,
,
,
,
,
,
,
,
,
,
,
905.0,
910.0,
915.0,
920.0,
925.0,
930.0,
,
,
,
,
,
,
,
,
,
,
,
905.0,
910.0,
915.0,
920.0,
925.0,
930.0,
,
,
,
,
,
,
,
,
,
,
,
910.0,
915.0,
920.0,
925.0,
930.0,
935.0,
,
,
,
,
,
,
,
,
,
,
,
910.0,
915.0,
920.0,
925.0,
930.0,
935.0,
,
,
,
,
,
,
,
,
,
,
,
910.0,
915.0,
920.0,
925.0,
930.0,
935.0,
,
,
,
,
,
,
,
,
,
,
,
910.0,
915.0,
920.0,
925.0,
930.0,
935.0,
,
,
,
,
,
,
,
,
,
,
,
910.0,
915.0,
920.0,
925.0,
930.0,
935.0,
,
,
,
,
,
,
,
,
,
,
,
915.0,
920.0,
925.0,
930.0,
935.0,
940.0,
,
,
,
,
,
,
,
,
,
,
,
915.0,
920.0,
925.0,
930.0,
935.0,
940.0,
,
,
,
,
,
,
,
,
,
,
,
915.0,
920.0,
925.0,
930.0,
935.0,
940.0,
,
,
,
,
,
,
,
,
,
,
,
915.0,
920.0,
925.0,
930.0,
935.0,
940.0,
,
,
,
,
,
,
,
,
,
,
,
915.0,
920.0,
925.0,
930.0,
935.0,
940.0,
,
,
,
,
,
,
,
,
,
,
,
920.0,
925.0,
930.0,
935.0,
940.0,
945.0,
,
,
,
,
,
,
,
,
,
,
,
920.0,
925.0,
930.0,
935.0,
940.0,
945.0,
,
,
,
,
,
,
,
,
,
,
,
920.0,
925.0,
930.0,
935.0,
940.0,
945.0,
,
,
,
,
,
,
,
,
,
,
,
920.0,
925.0,
930.0,
935.0,
940.0,
945.0,
,
,
,
,
,
,
,
,
,
,
,
920.0,
925.0,
930.0,
935.0,
940.0,
945.0,
,
,
,
,
,
,
,
,
,
,
,
925.0,
930.0,
935.0,
940.0,
945.0,
950.0,
,
,
,
,
,
,
,
,
,
,
,
925.0,
930.0,
935.0,
940.0,
945.0,
950.0,
,
,
,
,
,
,
,
,
,
,
,
925.0,
930.0,
935.0,
940.0,
945.0,
950.0,
,
,
,
,
,
,
,
,
,
,
,
925.0,
930.0,
935.0,
940.0,
945.0,
950.0,
,
,
,
,
,
,
,
,
,
,
,
925.0,
930.0,
935.0,
940.0,
945.0,
950.0,
,
,
,
,
,
,
,
,
,
,
,
930.0,
935.0,
940.0,
945.0,
950.0,
955.0,
,
,
,
,
,
,
,
,
,
,
,
930.0,
935.0,
940.0,
945.0,
950.0,
955.0,
,
,
,
,
,
,
,
,
,
,
,
930.0,
935.0,
940.0,
945.0,
950.0,
955.0,
,
,
,
,
,
,
,
,
,
,
,
930.0,
935.0,
940.0,
945.0,
950.0,
955.0,
,
,
,
,
,
,
,
,
,
,
,
930.0,
935.0,
940.0,
945.0,
950.0,
955.0,
,
,
,
,
,
,
,
,
,
,
,
935.0,
940.0,
945.0,
950.0,
955.0,
960.0,
,
,
,
,
,
,
,
,
,
,
,
935.0,
940.0,
945.0,
950.0,
955.0,
960.0,
,
,
,
,
,
,
,
,
,
,
,
935.0,
940.0,
945.0,
950.0,
955.0,
960.0,
,
,
,
,
,
,
,
,
,
,
,
935.0,
940.0,
945.0,
950.0,
955.0,
960.0,
,
,
,
,
,
,
,
,
,
,
,
935.0,
940.0,
945.0,
950.0,
955.0,
960.0,
,
,
,
,
,
,
,
,
,
,
,
940.0,
945.0,
950.0,
955.0,
960.0,
965.0,
,
,
,
,
,
,
,
,
,
,
,
940.0,
945.0,
950.0,
955.0,
960.0,
965.0,
,
,
,
,
,
,
,
,
,
,
,
940.0,
945.0,
950.0,
955.0,
960.0,
965.0,
,
,
,
,
,
,
,
,
,
,
,
940.0,
945.0,
950.0,
955.0,
960.0,
965.0,
,
,
,
,
,
,
,
,
,
,
,
940.0,
945.0,
950.0,
955.0,
960.0,
965.0,
,
,
,
,
,
,
,
,
,
,
,
945.0,
950.0,
955.0,
960.0,
965.0,
970.0,
,
,
,
,
,
,
,
,
,
,
,
945.0,
950.0,
955.0,
960.0,
965.0,
970.0,
,
,
,
,
,
,
,
,
,
,
,
945.0,
950.0,
955.0,
960.0,
965.0,
970.0,
,
,
,
,
,
,
,
,
,
,
,
945.0,
950.0,
955.0,
960.0,
965.0,
970.0,
,
,
,
,
,
,
,
,
,
,
,
945.0,
950.0,
955.0,
960.0,
965.0,
970.0,
,
,
,
,
,
,
,
,
,
,
,
950.0,
955.0,
960.0,
965.0,
970.0,
975.0,
,
,
,
,
,
,
,
,
,
,
,
950.0,
955.0,
960.0,
965.0,
970.0,
975.0,
,
,
,
,
,
,
,
,
,
,
,
950.0,
955.0,
960.0,
965.0,
970.0,
975.0,
,
,
,
,
,
,
,
,
,
,
,
950.0,
955.0,
960.0,
965.0,
970.0,
975.0,
,
,
,
,
,
,
,
,
,
,
,
950.0,
955.0,
960.0,
965.0,
970.0,
975.0,
,
,
,
,
,
,
,
,
,
,
,
955.0,
960.0,
965.0,
970.0,
975.0,
980.0,
,
,
,
,
,
,
,
,
,
,
,
955.0,
960.0,
965.0,
970.0,
975.0,
980.0,
,
,
,
,
,
,
,
,
,
,
,
955.0,
960.0,
965.0,
970.0,
975.0,
980.0,
,
,
,
,
,
,
,
,
,
,
,
955.0,
960.0,
965.0,
970.0,
975.0,
980.0,
,
,
,
,
,
,
,
,
,
,
,
955.0,
960.0,
965.0,
970.0,
975.0,
980.0,
,
,
,
,
,
,
,
,
,
,
,
960.0,
965.0,
970.0,
975.0,
980.0,
985.0,
,
,
,
,
,
,
,
,
,
,
,
960.0,
965.0,
970.0,
975.0,
980.0,
985.0,
,
,
,
,
,
,
,
,
,
,
,
960.0,
965.0,
970.0,
975.0,
980.0,
985.0,
,
,
,
,
,
,
,
,
,
,
,
960.0,
965.0,
970.0,
975.0,
980.0,
985.0,
,
,
,
,
,
,
,
,
,
,
,
960.0,
965.0,
970.0,
975.0,
980.0,
985.0,
,
,
,
,
,
,
,
,
,
,
,
965.0,
970.0,
975.0,
980.0,
985.0,
990.0,
,
,
,
,
,
,
,
,
,
,
,
965.0,
970.0,
975.0,
980.0,
985.0,
990.0,
,
,
,
,
,
,
,
,
,
,
,
965.0,
970.0,
975.0,
980.0,
985.0,
990.0,
,
,
,
,
,
,
,
,
,
,
,
965.0,
970.0,
975.0,
980.0,
985.0,
990.0,
,
,
,
,
,
,
,
,
,
,
,
965.0,
970.0,
975.0,
980.0,
985.0,
990.0,
,
,
,
,
,
,
,
,
,
,
,
970.0,
975.0,
980.0,
985.0,
990.0,
995.0,
,
,
,
,
,
,
,
,
,
,
,
970.0,
975.0,
980.0,
985.0,
990.0,
995.0,
,
,
,
,
,
,
,
,
,
,
,
970.0,
975.0,
980.0,
985.0,
990.0,
995.0,
,
,
,
,
,
,
,
,
,
,
,
970.0,
975.0,
980.0,
985.0,
990.0,
995.0,
,
,
,
,
,
,
,
,
,
,
,
970.0,
975.0,
980.0,
985.0,
990.0,
995.0,
